Method,Dataset,Budget,w_max,w_acc,nTiles,CoveredTiles,nPath,nPathBound,TilingTime,PlanningTime,IsValid
mink_unrooted_greedy,GW191103_012549_119.txt,100,10,10,119,119,7,7,0.0702637,0.00185335,true,860 861 842 843 844 820 819 818 790 791 792 757 756 755 717 673 674 718 675 630 580 629 628 578 579 530 529 528 474 475 476 477 424 423,370 318 369 422 421 368 367 366 314 315 316 317 268,267 220 266 265 219 218 264 217 173 172 216,263 262 310 260 261 215 214 213 258 259 309,308 307 306 355 356 357 358 410 409 408 407,459 460 461 514 513 564 563 512 562 611 612 613 659 658 703 702 742 743 780 779 778,809 810 837 836 835 854 855 856 857 858 871 872 873 877 876 869 870 859
mink_unrooted_ilp,GW191103_012549_119.txt,100,10,10,119,119,7,7,0.0702637,101.182,true,860 861 842 843 844 820 819 818 790 791 792 757 756 755 717 673 674 718 675 630 580 629 628 578 579 530 529 528 474 475 476 477 424 423,370 318 369 422 421 368 367 366 314 315 316 317 268,267 220 266 265 219 218 264 217 173 172 216,263 262 310 260 261 215 214 213 258 259 309,308 307 306 355 356 357 358 410 409 408 407,459 460 461 514 513 564 563 512 562 611 612 613 659 658 703 702 742 743 780 779 778,809 810 837 836 835 854 855 856 857 858 871 872 873 877 876 869 870 859
mink_unrooted_annealing,GW191103_012549_119.txt,100,10,10,119,119,8,8,0.0646054,0.311227,true,-2 563 612 658 659 703 742 779 809 810 836 855 856 869 870 871 872 859 860 843 844 820 819 790 791 756 718 717 674 629 628 579 529 476 475 423 -1,-2 369 422 528 580 673 755 861 877 743 702 613 513 460 408 409 356 357 -1,-2 675 530 477 424 370 368 317 260 259 308 307 461 564 512 -1,-2 261 215 216 217 265 316 318 578 818 842 858 857 837 835 854 876 873 -1,-2 780 611 562 306 258 214 262 263 264 218 266 267 -1,-2 514 459 355 410 358 309 219 315 367 421 630 757 792 -1,-2 778 407 310 213 172 173 314 366 268 220 -1,-2 474 -1
mink_rooted_greedy,GW191103_012549_119.txt,100,10,10,119,119,7,7,0.0626494,0.00164383,true,878 860 861 842 843 844 820 819 818 790 791 792 757 756 755 717 673 674 718 675 630 580 629 628 578 579 530 529 528 474 475 476 477 424,368 423 370 318 369 422 421 368 367 366 314 315 316 317 268,219 267 220 266 265 219 218 264 217 173 172 216,217 263 262 310 260 261 215 214 213 258 259 309,307 308 307 306 355 356 357 358 410 409 408 407,512 459 460 461 514 513 564 563 512 562 611 612 613 659 658 703 702 742 743 780 779,809 778 809 810 837 836 835 854 855 856 857 858 871 872 873 877 876 869 870 859
mink_rooted_ILP,GW191103_012549_119.txt,100,10,10,119,119,7,7,0.0626494,207.805,true,809 778 809 810 837 836 835 854 855 856 857 858 871 872 873 877 876 869 870 859,217 263 262 310 260 261 215 214 213 258 259 309,878 860 861 842 843 844 820 819 818 790 791 792 757 756 755 717 673 674 718 675 630 580 629 628 578 579 530 529 528 474 475 476 477 424,368 423 370 318 369 422 421 368 367 366 314 315 316 317 268,307 308 307 306 355 356 357 358 410 409 408 407,512 459 460 461 514 513 564 563 512 562 611 612 613 659 658 703 702 742 743 780 779,219 267 220 266 265 219 218 264 217 173 172 216
mink_rooted_annealing,GW191103_012549_119.txt,100,10,10,119,119,7,7,0.066502,48.3294,true,-2 809 778 779 780 810 836 837 856 855 835 854 869 876 877 870 871 858 859 872 861 860 843 844 820 819 790 791 792 757 718 675 674 628 673 717 755 756,-2 742 702 658 611 612 613 659 703 743 857 873 842 818 578 528 475 474 421 422 423 424 477 476 529 530 580 579 629 630,-2 562 563 564 514 461 308 309 310 366 367 368 369 370,-2 259 260 261 262 258 307 358 357 356 409 408,-2 213 214 215 216 217 264 314 315 265 218 219,-2 317 318 268 267 316 266 263 172 173 220,-2 512 459 407 355 306 410 460 513
mink_rooted_annealing_best,GW191103_012549_119.txt,100,10,10,119,119,7,7,0.0625295,47.0182,true,-2 809 835 854 869 876 877 872 873 861 844 820 792 757 756 718 675 630 629 674 717 755 790 791 819 843 860 859 871 870 857 856 855 837 836 810 780 779,-2 578 528 475 474 421 422 423 424 476 477 529 530 580 579 628 673 818 842 858 778 742 743 703 702 658 611 612 659 613 564,-2 512 562 563 514 461 356 307 260 214 367 368 369 370,-2 407 408 409 410 357 358 308 258 259 309 310,-2 217 172 215 216 262 263 265 266 316 317 318,-2 219 220 268 267 366 315 314 264 218 173 261,-2 355 306 213 459 513 460
mink_unrooted_greedy,GW191109_010717_107.txt,100,10,10,107,107,6,6,0.0784684,0.00139594,true,175 174 218 219 220 221 222 223 269 268 267 266 317 318 369 370 319 270 320 321 373 372 371 424 425 426 479 478 477 530 531 532 581 582 583,631 632 677 678 721 759 794 822 823 846 847 863,864 874 865 866 875 867 852 853 833 655,656 609 610 561 560 509 510 511 457 456 404,405 458 406 354 353 352 302 303 304 254 255 209 210 211 168 167 166 129 130 169 170 171,172 173 134 133 132 131 96 97 98 99 100 135 136 137 178 177 176
mink_unrooted_ilp,GW191109_010717_107.txt,100,10,10,107,107,6,6,0.0784684,86.3893,true,175 174 218 219 220 221 222 223 269 268 267 266 317 318 369 370 319 270 320 321 373 372 371 424 425 426 479 478 477 530 531 532 581 582 583,631 632 677 678 721 759 794 822 823 846 847 863,864 874 865 866 875 867 852 853 833 655,656 609 610 561 560 509 510 511 457 456 404,405 458 406 354 353 352 302 303 304 254 255 209 210 211 168 167 166 129 130 169 170 171,172 173 134 133 132 131 96 97 98 99 100 135 136 137 178 177 176
mink_unrooted_annealing,GW191109_010717_107.txt,100,10,10,107,107,6,6,0.0635143,0.217474,true,-2 478 425 371 370 319 318 269 268 267 221 220 219 176 136 135 175 174 173 172 134 133 132 131 170 169 130 168 167 210 209 255 254 303 353 -1,-2 582 532 479 531 477 424 320 222 177 137 98 97 96 171 129 304 405 457 510 560 610 -1,-2 632 631 581 426 372 321 270 223 178 99 211 166 354 352 406 458 561 609 -1,-2 656 867 866 865 864 863 847 846 823 677 583 -1,-2 218 266 317 369 530 794 822 874 852 655 509 404 302 -1,-2 456 511 833 853 875 759 721 678 373 100 -1
mink_rooted_greedy,GW191109_010717_107.txt,100,10,10,107,107,6,6,0.0618188,0.0011442,true,174 175 174 218 219 220 221 222 223 269 268 267 266 317 318 369 370 319 270 320 321 373 372 371 424 425 426 479 478 477 530 531 532 581 582 583,582 631 632 677 678 721 759 794 822 823 846 847,878 863 864 874 865 866 875 867 852 853 833,656 655 656 609 610 561 560 509 510 511 457 456,508 404 405 458 406 354 353 352 302 303 304 254 255 209 210 211 168 167 166 129,169 130 169 170 171 172 173 134 133 132 131 96 97 98 99 100 135 136 137 178 177 176
mink_rooted_ILP,GW191109_010717_107.txt,100,10,10,107,107,6,6,0.0618188,163.094,true,656 655 656 609 610 561 560 509 510 511 457 456,508 404 405 458 406 354 353 352 302 303 304 254 255 209 210 211 168 167 166 129,878 863 864 874 865 866 875 867 852 853 833,582 631 632 677 678 721 759 794 822 823 846 847,174 175 174 218 219 220 221 222 223 269 268 267 266 317 318 369 370 319 270 320 321 373 372 371 424 425 426 479 478 477 530 531 532 581 582 583,169 130 169 170 171 172 173 134 133 132 131 96 97 98 99 100 135 136 137 178 177 176
mink_rooted_annealing,GW191109_010717_107.txt,100,10,10,107,107,6,6,0.0653921,39.1793,true,-2 211 210 167 129 130 131 96 97 98 99 100 137 176 177 178 223 222 269 270 320 321 372 425 371 319 318 268 221 220 175 219 218 174 173 134 133 132,-2 254 303 354 304 255 209 166 168 169 170 171 172 135 136 266 267 317 369 370 424 477 530 581 631 583 582 532 531 478 479 426 373,-2 609 610 560 561 511 510 456 404 405 353 302,-2 853 867 866 865 863 846 822 759 721 677 632,-2 509 656 655 833 852 875 874 864 847 823,-2 352 406 458 457 678 794
mink_rooted_annealing_best,GW191109_010717_107.txt,100,10,10,107,107,6,6,0.0638661,48.2803,true,-2 219 218 174 175 220 267 268 269 319 370 371 372 321 270 223 222 221 177 176 137 136 135 100 99 98 134 133 97 96 132 131 130 168 211 210 209 166,-2 582 583 631 581 531 530 477 425 478 532 479 426 373 320 424 369 318 317 266 173 172 171 170 169 129 167 254 303 354 304 255,-2 656 610 560 561 510 457 405 352 302 353 406,-2 833 853 852 867 866 865 874 864 863 846 822,-2 458 456 509 609 655 847 823 794 677 632,-2 178 678 721 759 875 511 404
mink_unrooted_greedy,GW191113_071753_172.txt,100,10,10,172,172,11,11,0.07868,0.00388936,true,218 314 313 312 311 361 414 466 518 567 616 661 705 704 703 743 742 741,740 739 697 696 695 694 693 692 648 601 602,649 650 651 603 552 500 551 550 499 446 445,444 443 391 392 393 340 339 289 240 239 287,288 338 337 336 389 390 442 495 496 497 498,549 548 547 598 599 600 647 646 691 733 734,735 736 737 738 776 775 774 773 772 804 805,806 833 834 835 836 811 810 809 808 807 777,778 779 780 781 744 745 706 662 617 568 467 415 468 469 417 416 362 363 364,365 315 316 266 265 264 263 262 216 217 173 172 134 98 99 100 101 102 103 72 46 45 71 70 69 43 44 25 26 11 12 13 29 28 27 47 48,49 50 78 77 76 75 74 73 104 140 139 138 137 136 135 174 175 176 177 220 219
mink_unrooted_ilp,GW191113_071753_172.txt,100,10,10,172,172,11,11,0.07868,1014.59,true,218 314 313 312 311 361 414 466 518 567 616 661 705 704 703 743 742 741,740 739 697 696 695 694 693 692 648 601 602,649 650 651 603 552 500 551 550 499 446 445,444 443 391 392 393 340 339 289 240 239 287,288 338 337 336 389 390 442 495 496 497 498,549 548 547 598 599 600 647 646 691 733 734,735 736 737 738 776 775 774 773 772 804 805,806 833 834 835 836 811 810 809 808 807 777,778 779 780 781 744 745 706 662 617 568 467 415 468 469 417 416 362 363 364,365 315 316 266 265 264 263 262 216 217 173 172 134 98 99 100 101 102 103 72 46 45 71 70 69 43 44 25 26 11 12 13 29 28 27 47 48,49 50 78 77 76 75 74 73 104 140 139 138 137 136 135 174 175 176 177 220 219
mink_unrooted_annealing,GW191113_071753_172.txt,100,10,10,172,172,12,12,0.0644154,0.46897,true,-2 313 314 364 363 416 362 312 263 262 216 217 173 134 99 100 69 70 44 45 26 27 47 46 73 72 71 102 101 137 136 135 174 218 264 265 219 175 -1,-2 443 497 498 549 550 600 648 693 694 735 774 -1,-2 444 548 599 647 601 602 649 695 736 773 775 -1,-2 48 25 11 12 28 390 391 445 499 737 776 807 806 -1,-2 176 417 415 468 809 808 777 738 734 551 392 338 -1,-2 77 50 49 103 138 220 266 315 311 361 467 743 779 778 805 696 650 -1,-2 742 744 780 810 739 772 692 496 339 337 -1,-2 834 835 740 741 705 662 616 617 568 518 466 414 469 365 172 98 104 74 29 -1,-2 781 704 697 646 442 289 288 78 76 75 140 139 177 -1,-2 703 661 745 836 833 500 446 393 389 287 -1,-2 316 43 13 239 240 547 598 733 804 651 603 -1,-2 336 340 495 691 552 567 706 811 -1
mink_rooted_greedy,GW191113_071753_172.txt,100,10,10,172,172,11,11,0.0631846,0.00326603,true,217 218 314 313 312 311 361 414 466 518 567 616 661 705 704 703 743 742 741,656 740 739 697 696 695 694 693 692 648 601,552 602 649 650 651 603 552 500 551 550 499 446,392 445 444 443 391 392 393 340 339 289 240 239,337 287 288 338 337 336 389 390 442 495 496 497,443 498 549 548 547 598 599 600 647 646 691,771 733 734 735 736 737 738 776 775 774 773 772,831 804 805 806 833 834 835 836 811 810 809 808,834 807 777 778 779 780 781 744 745 706 662 617 568 467 415,417 468 469 417 416 362 363 364 365 315 316 266 265 264 263 262 216 217 173 172 134 98 99 100 101 102 103 72 46 45 71 70 69 43 44 25 26,26 11 12 13 29 28 27 47 48 49 50 78 77 76 75 74 73 104 140 139 138 137 136 135 174 175 176 177 220 219
mink_rooted_ILP,GW191113_071753_172.txt,100,10,10,172,172,11,11,0.0631846,439.835,true,552 602 649 650 651 603 552 500 551 550 499 446,26 11 12 13 29 28 27 47 48 49 50 78 77 76 75 74 73 104 140 139 138 137 136 135 174 175 176 177 220 219,656 740 739 697 696 695 694 693 692 648 601,831 804 805 806 833 834 835 836 811 810 809 808,417 468 469 417 416 362 363 364 365 315 316 266 265 264 263 262 216 217 173 172 134 98 99 100 101 102 103 72 46 45 71 70 69 43 44 25 26,217 218 314 313 312 311 361 414 466 518 567 616 661 705 704 703 743 742 741,337 287 288 338 337 336 389 390 442 495 496 497,443 498 549 548 547 598 599 600 647 646 691,834 807 777 778 779 780 781 744 745 706 662 617 568 467 415,392 445 444 443 391 392 393 340 339 289 240 239,771 733 734 735 736 737 738 776 775 774 773 772
mink_rooted_annealing,GW191113_071753_172.txt,100,10,10,172,172,11,11,0.0664604,88.1047,true,-2 26 11 12 28 47 46 72 103 102 138 177 176 220 266 316 315 265 218 174 173 217 263 262 311 361 414 415 362 312 313 314 365 364 417 469 468 467,-2 567 568 518 466 416 363 264 219 175 136 135 134 98 99 100 137 101 70 69 43 44 45 25 27 48 49 50 77 76 75 74 73 104 140 139,-2 809 810 780 744 705 706 661 662 616 617 216 172 71 13 29 78,-2 552 692 733 734 772 805 806 807 808 778 742,-2 337 389 390 338 391 392 393 445 499 602 500,-2 651 650 649 695 736 773 774 775 738 737 696,-2 443 442 444 498 551 550 599 598 646 647 691,-2 811 781 745 836 835 834 833 777 740 739 776,-2 735 693 648 601 600 549 497 496 495 547 548,-2 336 288 339 340 446 603 741 779 743 703,-2 704 804 694 287 239 240 289 697
mink_rooted_annealing_best,GW191113_071753_172.txt,100,10,10,172,172,11,11,0.0673744,86.2209,true,-2 316 315 365 364 417 416 415 414 361 362 311 312 313 314 264 263 217 218 219 220 176 177 138 139 102 103 72 71 70 69 99 100 101 137 136 135 174,-2 26 25 11 12 13 29 28 27 48 49 50 77 76 75 74 73 47 46 45 44 43 98 134 173 172 216 262 363 469 468 467 466 518 568 567,-2 809 779 743 744 705 706 661 662 616 617 265 266 175 140 104 78,-2 651 695 736 735 694 648 600 599 548 497 498,-2 389 390 442 443 391 392 444 445 446 499 500,-2 693 737 697 738 806 807 834 835 808 777 776,-2 833 775 774 805 773 772 734 646 647 601 550,-2 552 602 649 551 393 340 339 338 289 288 287,-2 811 781 780 704 703 742 741 740 739 778 810,-2 336 337 496 598 549 603 650 696 692 691,-2 745 836 804 733 240 239 495 547
mink_unrooted_greedy,GW191126_115259_113.txt,100,10,10,103,103,7,7,0.0795453,0.00155628,true,741 778 779 809 810 811 836 837 838 839 840 856 857 858 859 841 842 843 818 819 677 632 583 584,535 534 481 429 482 483 431 430 376 377 326,378 328 327 276 277 278 231 232 188 187 186,230 185 146 147 148 112 113 79 111 110 52,53 80 54 55 84 83 82 81 116 117 118,119 120 158 157 156 199 200 201 247 246 295 296 297 346 347 348 401,400 399 452 453 506 558 507 454 508 559 609 608 655 656 700 701 702 742
mink_unrooted_ilp,GW191126_115259_113.txt,100,10,10,103,103,7,7,0.0795453,66.4054,true,741 778 779 809 810 811 836 837 838 839 840 856 857 858 859 841 842 843 818 819 677 632 583 584,535 534 481 429 482 483 431 430 376 377 326,378 328 327 276 277 278 231 232 188 187 186,230 185 146 147 148 112 113 79 111 110 52,53 80 54 55 84 83 82 81 116 117 118,119 120 158 157 156 199 200 201 247 246 295 296 297 346 347 348 401,400 399 452 453 506 558 507 454 508 559 609 608 655 656 700 701 702 742
mink_unrooted_annealing,GW191126_115259_113.txt,100,10,10,103,103,8,8,0.0649289,0.232043,true,-2 453 507 558 559 609 608 655 656 700 701 741 742 778 779 810 836 837 838 857 858 327 277 231 186 -1,-2 80 79 111 148 147 187 230 326 377 430 482 -1,-2 842 859 841 840 839 856 811 809 508 454 401 400 347 296 83 82 81 278 378 -1,-2 506 346 297 247 246 118 54 53 110 146 431 534 584 -1,-2 348 119 84 55 112 483 535 583 632 819 818 843 -1,-2 295 399 452 201 200 157 156 117 232 276 429 481 -1,-2 677 376 328 52 120 158 199 116 188 -1,-2 702 185 113 -1
mink_rooted_greedy,GW191126_115259_113.txt,100,10,10,103,103,7,7,0.0634956,0.0013715,true,656 741 778 779 809 810 811 836 837 838 839 840 856 857 858 859 841 842 843 818 819 677 632 583 584,537 535 534 481 429 482 483 431 430 376 377,430 326 378 328 327 276 277 278 231 232 188,146 187 186 230 185 146 147 148 112 113 79 111,185 110 52 53 80 54 55 84 83 82 81,117 116 117 118 119 120 158 157 156 199 200 201,203 247 246 295 296 297 346 347 348 401 400 399 452 453 506 558 507 454 508 559 609 608 655 656 700 701 702 742
mink_rooted_ILP,GW191126_115259_113.txt,100,10,10,103,103,7,7,0.0634956,177.446,true,656 741 778 779 809 810 811 836 837 838 839 840 856 857 858 859 841 842 843 818 819 677 632 583 584,430 326 378 328 327 276 277 278 231 232 188,117 116 117 118 119 120 158 157 156 199 200 201,537 535 534 481 429 482 483 431 430 376 377,146 187 186 230 185 146 147 148 112 113 79 111,185 110 52 53 80 54 55 84 83 82 81,203 247 246 295 296 297 346 347 348 401 400 399 452 453 506 558 507 454 508 559 609 608 655 656 700 701 702 742
mink_rooted_annealing,GW191126_115259_113.txt,100,10,10,103,103,7,7,0.0664394,39.8093,true,-2 506 453 452 400 347 348 401 454 507 508 559 558 608 609 655 656 700 701 702 742 741 778 779 809 810 836 837 838 839 840 841 842 859 858 857 856,-2 84 118 120 157 200 201 246 247 297 296 295 346 399 811 843 819 818,-2 328 278 277 276 326 376 429 482 483 430 431,-2 117 116 82 81 54 80 113 79 52 110 147,-2 377 378 327 230 185 186 231 232 187 188 148,-2 146 112 111 53 55 83 119 158 199 156,-2 481 534 535 584 677 632 583
mink_rooted_annealing_best,GW191126_115259_113.txt,100,10,10,103,103,7,7,0.062961,39.9292,true,-2 859 858 840 839 857 856 838 837 836 811 810 809 779 778 741 742 702 701 700 656 655 609 608 558 559 508 507 506 453 454 401 400 399 346 347 348,-2 84 83 117 118 119 201 247 246 295 296 297 452 841 842 818 819 843,-2 231 186 146 147 187 232 278 277 327 378 431,-2 54 53 52 111 110 148 112 113 79 80 81,-2 185 230 276 326 377 376 429 430 482 481 534,-2 583 632 584 535 483 328 188 116 82 55,-2 677 120 157 158 200 199 156
mink_unrooted_greedy,GW191127_050227_103.txt,100,10,10,103,103,7,7,0.0784526,0.00162279,true,875 866 865 828 799 800 768 767 766 728 687 686 641 685 640 593 592 591 541 488 435 381 330 279,227 182 181 180 224 223 179 178 222 221 220,266 265 315 314 365 417 364 313 264 219 176,177 137 138 139 140 104 73 74 105 141 142,143 183 232 233 280 281 331 382 436 489 490,438 542 491 492 543 544 594 595 642 643 688 729 730 769 801 829 850 830 831 832 835 836 837 857 856 855 854 853 852 851 867 868 876,877 878
mink_unrooted_ilp,GW191127_050227_103.txt,100,10,10,103,103,7,6,0.0784526,3603.53,true,875 866 865 828 799 800 768 767 766 728 687 686 641 685 640 593 592 591 541 488 435 381 330 279,227 182 181 180 224 223 179 178 222 221 220,266 265 315 314 365 417 364 313 264 219 176,177 137 138 139 140 104 73 74 105 141 142,143 183 232 233 280 281 331 382 436 489 490,438 542 491 492 543 544 594 595 642 643 688 729 730 769 801 829 850 830 831 832 835 836 837 857 856 855 854 853 852 851 867 868 876,877 878
mink_unrooted_annealing,GW191127_050227_103.txt,100,10,10,103,103,7,7,0.0639788,0.278467,true,-2 852 867 868 855 836 856 876 878 875 866 851 850 828 800 768 767 729 728 687 642 641 594 593 543 592 542 105 141 -1,-2 835 831 830 829 801 799 686 640 591 491 541 142 104 179 178 177 138 -1,-2 865 730 688 643 595 544 492 685 489 488 436 435 140 139 223 -1,-2 832 853 854 837 857 877 766 382 331 330 280 222 221 137 -1,-2 490 381 182 181 74 176 220 265 364 314 -1,-2 266 315 365 219 224 180 73 232 233 281 -1,-2 769 438 279 143 183 227 264 313 417 -1
mink_rooted_greedy,GW191127_050227_103.txt,100,10,10,103,103,7,7,0.0626575,0.00140546,true,878 875 866 865 828 799 800 768 767 766 728 687 686 641 685 640 593 592 591 541 488 435 381 330,278 279 227 182 181 180 224 223 179 178 222,219 221 220 266 265 315 314 365 417 364 313,217 264 219 176 177 137 138 139 140 104 73,74 74 105 141 142 143 183 232 233 280 281 331,380 382 436 489 490 438 542 491 492 543 544 594 595 642 643 688 729 730 769 801 829 850 830 831,833 832 835 836 837 857 856 855 854 853 852 851 867 868 876 877 878
mink_rooted_ILP,GW191127_050227_103.txt,100,10,10,103,103,7,6,0.0626575,3611.11,true,380 382 436 489 490 438 542 491 492 543 544 594 595 642 643 688 729 730 769 801 829 850 830 831,217 264 219 176 177 137 138 139 140 104 73,878 875 866 865 828 799 800 768 767 766 728 687 686 641 685 640 593 592 591 541 488 435 381 330,278 279 227 182 181 180 224 223 179 178 222,833 832 835 836 837 857 856 855 854 853 852 851 867 868 876 877 878,74 74 105 141 142 143 183 232 233 280 281 331,219 221 220 266 265 315 314 365 417 364 313
mink_rooted_annealing,GW191127_050227_103.txt,100,10,10,103,103,7,7,0.0745467,38.8668,true,-2 835 836 837 856 855 854 853 868 876 877 878 875 865 866 867 852 832 831 830 851 850 829 801 769 768 730 729 688 642 687 686 728 766 767 799 800 828,-2 594 595 643 641 685 593 640 591 541 542 491 592 543 544 492 438 490 489 488 382 331,-2 73 104 105 142 141 140 180 179 178 138 177,-2 417 364 314 265 219 220 221 222 181 227 182,-2 143 183 232 233 281 280 279 330 381 435 436,-2 264 365 315 266 176 137 223 224 139 74,-2 313 857
mink_rooted_annealing_best,GW191127_050227_103.txt,100,10,10,103,103,7,7,0.0625197,39.0804,true,-2 686 641 593 594 642 687 688 729 728 766 767 768 730 769 801 829 830 831 851 850 866 865 878 877 876 875 867 852 832 853 854 855 835 836 837 856 857,-2 868 828 799 800 643 595 544 492 438 490 489 436 488 541 542 491 543 685 640 591 592,-2 73 105 142 182 181 180 179 178 222 223 224,-2 266 265 219 220 176 177 138 139 140 141 104,-2 143 232 279 280 233 281 331 330 381 382 435,-2 417 364 365 314 313 264 315 221 137 74,-2 183 227
mink_unrooted_greedy,GW191219_163120_117.txt,100,10,10,117,117,8,8,0.092996,0.00175595,true,155 154 197 198 199 243 291 340 392 391 390 443 496 495 546 846 845 844 861 860,843 842 841 816 817 788 787 786 750 711 666,620 621 573 572 571 570 519 466 414 361 362,416 469 468 415 467 520 521 522 523 574 623,622 667 668 669 670 714 713 712 751 752 753,754 789 790 818 819 820 821 822 823 494 441 442 389 336,337 338 339 290 289 288 287 239 240 241 242 196 195 153 117 118 119 86 85 84 57 58 35 36 61 60 59 87 88 89 90 125 124 123 122 121 120,157 156
mink_unrooted_ilp,GW191219_163120_117.txt,100,10,10,117,117,8,7,0.092996,3604.77,true,155 154 197 198 199 243 291 340 392 391 390 443 496 495 546 846 845 844 861 860,843 842 841 816 817 788 787 786 750 711 666,620 621 573 572 571 570 519 466 414 361 362,416 469 468 415 467 520 521 522 523 574 623,622 667 668 669 670 714 713 712 751 752 753,754 789 790 818 819 820 821 822 823 494 441 442 389 336,337 338 339 290 289 288 287 239 240 241 242 196 195 153 117 118 119 86 85 84 57 58 35 36 61 60 59 87 88 89 90 125 124 123 122 121 120,157 156
mink_unrooted_annealing,GW191219_163120_117.txt,100,10,10,117,117,8,8,0.0657351,0.301997,true,-2 712 668 622 572 59 58 86 85 120 119 118 156 155 154 196 197 242 241 240 289 288 338 337 390 -1,-2 521 621 667 669 713 751 752 788 818 817 787 -1,-2 571 573 522 468 60 88 87 121 157 198 57 84 117 195 239 290 339 391 443 442 441 389 -1,-2 819 789 753 623 469 467 520 711 842 843 -1,-2 820 844 845 846 494 495 496 336 287 392 340 291 243 199 122 123 124 125 90 89 61 35 36 -1,-2 786 816 822 821 790 714 620 416 415 414 -1,-2 570 466 362 523 670 750 861 823 546 153 -1,-2 361 519 666 841 860 754 574 -1
mink_rooted_greedy,GW191219_163120_117.txt,100,10,10,117,117,8,8,0.0640437,0.00153175,true,118 155 154 197 198 199 243 291 340 392 391 390 443 496 495 546 846 845 844 861 860,788 843 842 841 816 817 788 787 786 750 711,749 666 620 621 573 572 571 570 519 466 414,312 361 362 416 469 468 415 467 520 521 522,417 523 574 623 622 667 668 669 670 714 713,750 712 751 752 753 754 789 790 818 819 820 821,759 822 823 494 441 442 389 336 337 338 339 290 289 288 287 239 240 241 242 196 195 153 117 118 119 86 85 84 57 58,36 35 36 61 60 59 87 88 89 90 125 124 123 122 121 120 157 156
mink_rooted_ILP,GW191219_163120_117.txt,100,10,10,117,117,8,7,0.0640437,3612.83,true,749 666 620 621 573 572 571 570 519 466 414,118 155 154 197 198 199 243 291 340 392 391 390 443 496 495 546 846 845 844 861 860,417 523 574 623 622 667 668 669 670 714 713,759 822 823 494 441 442 389 336 337 338 339 290 289 288 287 239 240 241 242 196 195 153 117 118 119 86 85 84 57 58,750 712 751 752 753 754 789 790 818 819 820 821,788 843 842 841 816 817 788 787 786 750 711,36 35 36 61 60 59 87 88 89 90 125 124 123 122 121 120 157 156,312 361 362 416 469 468 415 467 520 521 522
mink_rooted_annealing,GW191219_163120_117.txt,100,10,10,117,117,8,8,0.0670527,47.7189,true,-2 57 58 35 36 61 89 124 123 122 121 120 157 199 198 243 291 290 340 339 392 391 443 496 495 441 389 336 287 288 239 240 241 242 197 196 195 153,-2 546 494 442 390 337 338 289 154 155 117 118 156 119 84 85 86 87 59 60 88 90 125 361 362 415,-2 750 713 752 753 754 789 818 843 844 820 819,-2 469 468 467 466 519 520 521 571 572 573 574,-2 714 670 669 623 668 667 621 666 711 712 751,-2 786 787 816 817 842 860 861 846 823 822 821,-2 414 416 523 522 570 620 622 788 790 841,-2 845
mink_rooted_annealing_best,GW191219_163120_117.txt,100,10,10,117,117,8,8,0.0641086,48.0039,true,-2 441 389 390 337 338 288 289 290 291 242 243 198 199 157 120 121 122 123 88 89 90 61 60 59 58 57 85 84 118 119 156 155 197 196 241 240 239,-2 392 340 339 391 443 496 495 546 494 442 336 287 195 153 154 117 86 87 35 36 124 125 361 414 468,-2 750 751 752 788 789 754 753 714 713 712 711,-2 466 467 520 571 521 522 573 622 668 669 670,-2 823 846 822 821 845 844 843 819 818 817 816,-2 362 415 416 469 572 620 666 667 621 623,-2 523 574 786 787 841 842 790 820 861 860,-2 570 519
mink_unrooted_greedy,GW191222_033537_126.txt,100,10,10,126,126,8,8,0.0794284,0.00229534,true,134 133 171 172 173 216 262 215 260 261 311 310 309 361 360 359 411 463 516 517 464 412 413 414 466 465 518 568 567 566 616 615,614 660 659 704 661 705 745 744 743 742 703,702 741 740 776 777 778 779 780 810 809 808,807 806 805 804 773 774 775 736 735 772 771,733 734 693 692 691 645 646 647 599 598 597,546 547 548 496 495 494 440 387 388 441 442,389 336 335 286 285 148 111 110 147 109 76 77 78 52 51 50 49 75 48 47 27,28 29 12 11 26 46 45 25 43 44 71 70 69 68 98 99 100 135
mink_unrooted_ilp,GW191222_033537_126.txt,100,10,10,126,126,8,8,0.0794284,225.688,true,134 133 171 172 173 216 262 215 260 261 311 310 309 361 360 359 411 463 516 517 464 412 413 414 466 465 518 568 567 566 616 615,614 660 659 704 661 705 745 744 743 742 703,702 741 740 776 777 778 779 780 810 809 808,807 806 805 804 773 774 775 736 735 772 771,733 734 693 692 691 645 646 647 599 598 597,546 547 548 496 495 494 440 387 388 441 442,389 336 335 286 285 148 111 110 147 109 76 77 78 52 51 50 49 75 48 47 27,28 29 12 11 26 46 45 25 43 44 71 70 69 68 98 99 100 135
mink_unrooted_annealing,GW191222_033537_126.txt,100,10,10,126,126,9,9,0.0638934,0.360989,true,-2 464 465 412 413 360 361 311 310 260 261 262 216 215 171 172 133 134 173 135 99 98 68 69 70 44 45 25 26 46 47 27 28 48 49 76 77 50 -1,-2 495 547 598 646 692 734 772 773 774 806 807 -1,-2 109 110 78 51 29 71 100 43 309 359 414 466 518 517 516 567 566 808 777 776 775 -1,-2 778 805 735 693 733 691 599 496 442 441 -1,-2 388 389 548 647 809 780 779 742 703 615 463 -1,-2 568 616 660 744 741 645 597 335 148 147 111 52 12 11 -1,-2 736 804 810 743 702 659 704 705 661 614 411 -1,-2 745 740 771 546 494 440 336 286 285 75 -1,-2 387 -1
mink_rooted_greedy,GW191222_033537_126.txt,100,10,10,126,126,8,8,0.0635277,0.00200944,true,174 134 133 171 172 173 216 262 215 260 261 311 310 309 361 360 359 411 463 516 517 464 412 413 414 466 465 518 568 567 566 616 615,512 614 660 659 704 661 705 745 744 743 742,656 703 702 741 740 776 777 778 779 780 810,809 809 808 807 806 805 804 773 774 775 736 735,771 772 771 733 734 693 692 691 645 646 647 599,644 598 597 546 547 548 496 495 494 440 387 388,440 441 442 389 336 335 286 285 148 111 110 147 109 76 77 78 52,15 51 50 49 75 48 47 27 28 29 12 11 26 46 45 25 43 44 71 70 69 68 98 99 100 135
mink_rooted_ILP,GW191222_033537_126.txt,100,10,10,126,126,8,8,0.0635277,215.606,true,656 703 702 741 740 776 777 778 779 780 810,809 809 808 807 806 805 804 773 774 775 736 735,440 441 442 389 336 335 286 285 148 111 110 147 109 76 77 78 52,15 51 50 49 75 48 47 27 28 29 12 11 26 46 45 25 43 44 71 70 69 68 98 99 100 135,644 598 597 546 547 548 496 495 494 440 387 388,174 134 133 171 172 173 216 262 215 260 261 311 310 309 361 360 359 411 463 516 517 464 412 413 414 466 465 518 568 567 566 616 615,512 614 660 659 704 661 705 745 744 743 742,771 772 771 733 734 693 692 691 645 646 647 599
mink_rooted_annealing,GW191222_033537_126.txt,100,10,10,126,126,8,8,0.0655684,57.6132,true,-2 26 11 12 28 27 47 46 45 71 70 44 69 99 98 134 173 172 171 215 216 262 261 311 310 361 414 466 465 518 517 464 463 411 412 413 360 359,-2 567 568 616 615 566 516 309 260 133 135 100 68 43 25 48 75 76 77 109 110 147 148 111 52 78 51 29 50 49,-2 387 388 441 494 495 546 597 547 548 598 599,-2 702 742 778 777 776 775 806 774 773 772 735,-2 809 808 807 741 743 744 705 661 660 659 704,-2 805 804 771 733 734 693 692 691 645 646 647,-2 440 335 285 286 336 389 442 496 736 740,-2 703 614 745 780 779 810
mink_rooted_annealing_best,GW191222_033537_126.txt,100,10,10,126,126,8,8,0.0616658,53.8688,true,-2 464 517 518 465 412 413 414 361 311 262 216 172 173 134 135 99 100 70 71 45 46 47 27 26 25 44 43 69 68 98 133 171 215 261 310 360 359,-2 411 463 516 566 615 616 567 568 466 309 260 11 12 28 29 51 78 52 111 110 147 109 77 50 49 76 75 48,-2 546 547 548 598 645 646 691 692 733 734 735,-2 736 774 775 776 777 807 806 805 804 773 772,-2 693 647 599 495 441 388 389 336 286 285 148,-2 808 809 779 778 741 742 703 660 704 744 780,-2 442 440 494 597 771 740 702 743 745 705,-2 335 387 496 810 661 614 659
mink_unrooted_greedy,GW200112_155838_214.txt,100,10,10,214,214,14,14,0.0799178,0.0057118,true,197 198 199 200 157 156 155 117 118 119 120 85 84 83 116 82 57 56 55 54 80 81 115 114 113 150 151 152 153 154 196 243 244 245 246 294,293 292 291 242 241 240 239 238 237 286 287 288 289 290 339 340 341 342 343 344 295 345 346 399 398 397 396 449 450 451 452 453 454 508 507 506,505 556 557 558 559 609 608 607 606 605 555 504 503 554 553 604 652 653 698 654 655 783 815,816 817 818 789 754 755 790 791 756 757 719,718 717 716 715 714 753 752 788 787 786 785,784 748 749 750 751 713 712 711 710 709 708,664 665 666 620 621 667 668 669 670 671 672,673 674 675 676 677 632 631 630 581 582 583,584 534 533 532 531 530 580 629 628 626 625,624 623 622 574 575 576 577 578 528 527 475,476 477 478 479 480 481 482 430 429 428 427,426 425 424 371 372 320 270 271 224 225 272,226 182 227 274 273 324 323 322 321 373 374,375 376 325 275 191 192 193 194 195
mink_unrooted_ilp,GW200112_155838_214.txt,100,10,10,214,214,14,14,0.0799178,2057.35,true,197 198 199 200 157 156 155 117 118 119 120 85 84 83 116 82 57 56 55 54 80 81 115 114 113 150 151 152 153 154 196 243 244 245 246 294,293 292 291 242 241 240 239 238 237 286 287 288 289 290 339 340 341 342 343 344 295 345 346 399 398 397 396 449 450 451 452 453 454 508 507 506,505 556 557 558 559 609 608 607 606 605 555 504 503 554 553 604 652 653 698 654 655 783 815,816 817 818 789 754 755 790 791 756 757 719,718 717 716 715 714 753 752 788 787 786 785,784 748 749 750 751 713 712 711 710 709 708,664 665 666 620 621 667 668 669 670 671 672,673 674 675 676 677 632 631 630 581 582 583,584 534 533 532 531 530 580 629 628 626 625,624 623 622 574 575 576 577 578 528 527 475,476 477 478 479 480 481 482 430 429 428 427,426 425 424 371 372 320 270 271 224 225 272,226 182 227 274 273 324 323 322 321 373 374,375 376 325 275 191 192 193 194 195
mink_unrooted_annealing,GW200112_155838_214.txt,100,10,10,214,214,16,16,0.0661665,0.782497,true,-2 245 294 293 244 243 242 241 196 197 198 199 156 155 154 117 83 82 116 115 152 153 195 240 239 238 194 193 151 481 533 -1,-2 375 429 428 480 583 631 676 718 756 790 789 -1,-2 715 714 752 817 606 556 555 504 505 451 450 397 398 345 344 343 292 291 290 289 192 114 81 -1,-2 818 816 751 673 426 372 321 322 376 373 -1,-2 710 788 753 755 719 582 323 324 237 288 118 84 -1,-2 709 711 786 787 713 478 374 271 273 325 -1,-2 295 503 554 605 653 607 557 506 507 558 608 785 750 712 716 629 675 -1,-2 632 580 531 479 427 425 272 150 113 80 55 56 85 119 200 246 -1,-2 287 340 341 342 396 449 399 452 453 508 559 654 652 784 749 815 672 628 -1,-2 226 274 320 371 530 674 791 757 581 534 -1,-2 666 665 667 624 625 754 270 224 225 227 -1,-2 286 191 54 57 120 157 346 454 553 604 609 708 668 669 623 622 -1,-2 482 532 424 477 717 626 577 576 670 783 -1,-2 698 655 748 664 620 621 575 528 182 275 -1,-2 574 671 578 527 475 476 677 584 430 339 -1,-2 630 -1
mink_rooted_greedy,GW200112_155838_214.txt,100,10,10,214,214,14,14,0.0655736,0.00477499,true,118 197 198 199 200 157 156 155 117 118 119 120 85 84 83 116 82 57 56 55 54 80 81 115 114 113 150 151 152 153 154 196 243 244 245 246,294 294 293 292 291 242 241 240 239 238 237 286 287 288 289 290 339 340 341 342 343 344 295 345 346 399 398 397 396 449 450 451 452 453 454 508 507,507 506 505 556 557 558 559 609 608 607 606 605 555 504 503 554 553 604 652 653 698 654 655 783,784 815 816 817 818 789 754 755 790 791 756 757,759 719 718 717 716 715 714 753 752 788 787 786,749 785 784 748 749 750 751 713 712 711 710 709,748 708 664 665 666 620 621 667 668 669 670 671,627 672 673 674 675 676 677 632 631 630 581 582,582 583 584 534 533 532 531 530 580 629 628 626,626 625 624 623 622 574 575 576 577 578 528 527,368 475 476 477 478 479 480 481 482 430 429 428,322 427 426 425 424 371 372 320 270 271 224 225,228 272 226 182 227 274 273 324 323 322 321,430 373 374 375 376 325 275 191 192 193 194 195
mink_rooted_ILP,GW200112_155838_214.txt,100,10,10,214,214,14,14,0.0655736,2365.08,true,430 373 374 375 376 325 275 191 192 193 194 195,749 785 784 748 749 750 751 713 712 711 710 709,118 197 198 199 200 157 156 155 117 118 119 120 85 84 83 116 82 57 56 55 54 80 81 115 114 113 150 151 152 153 154 196 243 244 245 246,627 672 673 674 675 676 677 632 631 630 581 582,507 506 505 556 557 558 559 609 608 607 606 605 555 504 503 554 553 604 652 653 698 654 655 783,759 719 718 717 716 715 714 753 752 788 787 786,228 272 226 182 227 274 273 324 323 322 321,368 475 476 477 478 479 480 481 482 430 429 428,784 815 816 817 818 789 754 755 790 791 756 757,582 583 584 534 533 532 531 530 580 629 628 626,748 708 664 665 666 620 621 667 668 669 670 671,626 625 624 623 622 574 575 576 577 578 528 527,322 427 426 425 424 371 372 320 270 271 224 225,294 294 293 292 291 242 241 240 239 238 237 286 287 288 289 290 339 340 341 342 343 344 295 345 346 399 398 397 396 449 450 451 452 453 454 508 507
mink_rooted_annealing,GW200112_155838_214.txt,100,10,10,214,214,14,14,0.0685866,122.861,true,-2 117 118 119 85 84 83 82 81 80 114 115 152 194 195 196 154 155 156 157 199 200 245 294 344 343 342 292 291 290 289 288 287 238 239 240 241 242 243,-2 553 554 555 503 504 505 506 507 454 453 452 451 450 449 396 397 398 399 346 345 295 246 293 244 198 197 153 116 151 150 191 192 193 237 286,-2 113 54 55 56 57 120 339 340 341 604 605 652 653 698 654 655 609 559 508 558 608 607 606 556 557,-2 430 429 374 478 580 530 477 425 372 321 271,-2 749 785 752 670 669 712 711 667 666 665 709,-2 672 716 717 755 754 715 714 713 788 787 786,-2 750 751 710 668 623 574 624 625 626 671 753,-2 182 227 274 324 323 273 226 225 270 320 371,-2 784 815 816 818 790 791 757 756 674 675 719,-2 582 631 677 676 630 629 673 578 528 475 476,-2 275 325 376 375 427 479 426 373 322 272 224,-2 575 527 577 628 581 531 532 533 482 428,-2 783 708 664 620 621 622 576 583 534 584,-2 748 817 789 718 632 481 480 424
mink_rooted_annealing_best,GW200112_155838_214.txt,100,10,10,214,214,14,14,0.0683524,123.669,true,-2 117 83 82 55 56 57 85 84 118 119 120 157 156 155 154 153 195 240 241 196 197 198 199 244 245 294 344 343 342 341 340 339 289 290 291 242 243 292,-2 605 604 554 555 504 451 450 449 396 397 398 399 346 345 295 246 200 116 115 81 80 114 113 150 151 152 194 239 288 287 286 237 238 193 192 191,-2 608 654 653 606 652 698 655 609 559 508 454 507 453 452 505 506 558 607 557 556 503 553 293 54,-2 482 481 534 533 583 582 532 531 581 580 530,-2 784 785 787 817 791 757 718 756 755 754 753,-2 480 428 375 374 427 426 479 478 477 424 425,-2 322 272 271 225 227 273 323 324 376 430 325,-2 626 673 672 671 625 624 670 669 713 752 788,-2 749 750 751 712 667 668 714 715 716 675 629,-2 577 527 528 475 476 371 320 270 321 372 373,-2 748 709 665 666 620 621 622 711 786 815 816,-2 818 789 790 674 630 631 632 677 676 719,-2 429 275 274 226 224 576 575 623 710 708,-2 783 664 574 182 584 717 628 578
mink_unrooted_greedy,GW200128_022011_131.txt,100,10,10,131,131,9,9,0.0799027,0.00233477,true,136 174 135 100 101 70 45 26 27 28 29 51 50 49 48 47 46 71 102 72 73 74 75 76 77 78 52 79 111 110 148 112 113,150 149 191 192 237 238 286 287 288 337 336,389 390 338 391 443 442 496 497 444 498 549,548 599 600 550 601 647 693 648 649 695 694,734 772 735 736 773 774 737 775 776 807 806,805 833 834 835 836 812 811 810 809 808 777,778 779 780 744 745 781 782 746 747 707 708,709 665 664 619 620 570 569 519 520 571 521 467 468 469 417 416 415 362 363 312 313 364 314 265 264 263 217 218 219,175 176 137
mink_unrooted_ilp,GW200128_022011_131.txt,100,10,10,131,131,9,8,0.0799027,3606.48,true,136 174 135 100 101 70 45 26 27 28 29 51 50 49 48 47 46 71 102 72 73 74 75 76 77 78 52 79 111 110 148 112 113,150 149 191 192 237 238 286 287 288 337 336,389 390 338 391 443 442 496 497 444 498 549,548 599 600 550 601 647 693 648 649 695 694,734 772 735 736 773 774 737 775 776 807 806,805 833 834 835 836 812 811 810 809 808 777,778 779 780 744 745 781 782 746 747 707 708,709 665 664 619 620 570 569 519 520 571 521 467 468 469 417 416 415 362 363 312 313 364 314 265 264 263 217 218 219,175 176 137
mink_unrooted_annealing,GW200128_022011_131.txt,100,10,10,131,131,9,9,0.0652475,0.350788,true,-2 468 416 363 364 313 264 218 174 175 136 137 101 100 70 71 72 46 47 48 49 600 648 694 735 -1,-2 736 774 773 693 549 497 111 78 77 50 45 102 135 217 263 314 219 -1,-2 417 469 521 520 571 570 809 808 807 806 775 647 550 443 -1,-2 619 620 467 415 362 312 265 176 73 27 28 76 110 112 337 390 444 498 601 -1,-2 649 695 805 776 810 811 781 782 747 708 665 -1,-2 734 599 391 287 286 237 192 149 79 52 51 29 75 74 26 -1,-2 737 834 835 777 778 779 780 746 707 664 569 519 -1,-2 148 113 150 191 238 336 338 442 496 548 836 -1,-2 288 389 772 744 745 709 812 833 -1
mink_rooted_greedy,GW200128_022011_131.txt,100,10,10,131,131,9,9,0.0633104,0.00183614,true,100 136 174 135 100 101 70 45 26 27 28 29 51 50 49 48 47 46 71 102 72 73 74 75 76 77 78 52 79 111 110 148 112 113,282 150 149 191 192 237 238 286 287 288 337,337 336 389 390 338 391 443 442 496 497 444 498,443 549 548 599 600 550 601 647 693 648 649,693 695 694 734 772 735 736 773 774 737 775,834 776 807 806 805 833 834 835 836 812 811,811 810 809 808 777 778 779 780 744 745 781 782,748 746 747 707 708 709 665 664 619 620 570 569 519 520 571 521 467 468 469 417,417 416 415 362 363 312 313 364 314 265 264 263 217 218 219 175 176 137
mink_rooted_ILP,GW200128_022011_131.txt,100,10,10,131,131,9,8,0.0633104,3614.26,true,417 416 415 362 363 312 313 364 314 265 264 263 217 218 219 175 176 137,100 136 174 135 100 101 70 45 26 27 28 29 51 50 49 48 47 46 71 102 72 73 74 75 76 77 78 52 79 111 110 148 112 113,282 150 149 191 192 237 238 286 287 288 337,337 336 389 390 338 391 443 442 496 497 444 498,443 549 548 599 600 550 601 647 693 648 649,811 810 809 808 777 778 779 780 744 745 781 782,834 776 807 806 805 833 834 835 836 812 811,748 746 747 707 708 709 665 664 619 620 570 569 519 520 571 521 467 468 469 417,693 695 694 734 772 735 736 773 774 737 775
mink_rooted_annealing,GW200128_022011_131.txt,100,10,10,131,131,9,9,0.0668082,56.9501,true,-2 26 27 28 49 48 47 46 45 71 70 100 136 174 218 264 263 312 362 415 467 468 469 417 364 313 314 265 219 175 176 137 101 102 72 73 74 75,-2 113 79 112 148 110 111 52 78 76 77 50 51 29 135 217 363 416 521 520 570 571 620 665 619 569 519,-2 649 694 734 772 773 805 806 807 808 809 810,-2 695 736 737 774 775 776 777 778 779 780 781,-2 834 835 836 811 812 782 746 707 664 708 709,-2 191 150 192 237 286 336 337 389 390 443 442,-2 288 287 338 391 444 497 548 549 498 550 600,-2 744 745 833 735 693 648 601 647 599 496,-2 747 149 238
mink_rooted_annealing_best,GW200128_022011_131.txt,100,10,10,131,131,9,9,0.063208,58.6127,true,-2 312 263 217 174 135 136 100 70 45 26 46 47 48 75 74 73 72 71 102 101 137 176 175 219 218 265 264 313 364 363 362 415 467 468 469 417 416,-2 708 665 619 620 571 570 569 519 520 521 314 27 28 49 76 77 78 110 111 112 113 79 52 51 50 29,-2 601 600 599 647 648 693 734 735 695 694 649,-2 772 774 775 776 777 807 808 778 809 810 836,-2 834 806 773 443 337 286 237 192 191 149 148,-2 497 548 549 550 498 444 391 338 390 442 496,-2 833 835 779 780 811 781 782 746 747 707 664,-2 238 150 288 287 336 389 736 737 805,-2 812 745 744 709
mink_unrooted_greedy,GW200208_222617_145.txt,100,10,10,145,145,9,9,0.0841318,0.00282172,true,688 728 729 730 768 767 766 793 799 800 801 828 850 851 852 833 832 831 830 829 802 803 804 805 806 807 777 775 774 773 772 771 770,769 733 732 731 690 689 643 596 595 544 543 592 541 542 491 492 438 490 489 437 383 382 330 329 184 144 107,75 74 73 47 46 26 25 42 43 44 45,72 71 70 69 68 67 66 95 130 131 132,171 170 169 168 211 212 258 257 306 356 409,461 410 411 359 358 357 307 308 309 260 259,213 214 215 172 133 96 97 98 134 99 100,101 102 103 104 105 106 142 143 183 380 381 434 435 436 488,487 540 590 591 639 640 593 594 642 641 685 684 727 686 687
mink_unrooted_ilp,GW200208_222617_145.txt,100,10,10,145,145,9,9,0.0841318,447.102,true,688 728 729 730 768 767 766 793 799 800 801 828 850 851 852 833 832 831 830 829 802 803 804 805 806 807 777 775 774 773 772 771 770,769 733 732 731 690 689 643 596 595 544 543 592 541 542 491 492 438 490 489 437 383 382 330 329 184 144 107,75 74 73 47 46 26 25 42 43 44 45,72 71 70 69 68 67 66 95 130 131 132,171 170 169 168 211 212 258 257 306 356 409,461 410 411 359 358 357 307 308 309 260 259,213 214 215 172 133 96 97 98 134 99 100,101 102 103 104 105 106 142 143 183 380 381 434 435 436 488,487 540 590 591 639 640 593 594 642 641 685 684 727 686 687
mink_unrooted_annealing,GW200208_222617_145.txt,100,10,10,145,145,10,10,0.0654262,0.40337,true,-2 542 489 436 488 541 591 592 543 593 640 685 686 641 594 595 643 642 687 688 689 731 769 770 771 802 803 804 831 830 829 801 800 768 730 729 728 767 -1,-2 97 132 170 169 213 212 258 806 805 832 491 490 435 382 -1,-2 70 69 68 98 133 96 131 171 214 259 308 -1,-2 307 67 44 45 71 381 434 487 540 437 544 690 732 772 773 833 852 851 -1,-2 358 357 257 99 43 46 72 73 74 383 590 -1,-2 774 775 807 850 828 799 766 727 684 639 492 438 330 105 104 100 260 306 -1,-2 183 106 47 101 42 130 211 309 356 410 -1,-2 409 359 168 134 102 103 143 184 329 596 733 -1,-2 380 144 107 75 26 25 95 215 411 777 -1,-2 142 66 172 461 793 -1
mink_rooted_greedy,GW200208_222617_145.txt,100,10,10,145,145,9,9,0.0638351,0.00231453,true,644 688 728 729 730 768 767 766 793 799 800 801 828 850 851 852 833 832 831 830 829 802 803 804 805 806 807 777 775 774 773 772 771 770,771 769 733 732 731 690 689 643 596 595 544 543 592 541 542 491 492 438 490 489 437 383 382 330 329 184 144 107,74 75 74 73 47 46 26 25 42 43 44 45,26 72 71 70 69 68 67 66 95 130 131 132,169 171 170 169 168 211 212 258 257 306 356 409,461 461 410 411 359 358 357 307 308 309 260 259,212 213 214 215 172 133 96 97 98 134 99 100,100 101 102 103 104 105 106 142 143 183 380 381 434 435 436,380 488 487 540 590 591 639 640 593 594 642 641 685 684 727 686 687
mink_rooted_ILP,GW200208_222617_145.txt,100,10,10,145,145,9,9,0.0638351,285.658,true,26 72 71 70 69 68 67 66 95 130 131 132,380 488 487 540 590 591 639 640 593 594 642 641 685 684 727 686 687,100 101 102 103 104 105 106 142 143 183 380 381 434 435 436,644 688 728 729 730 768 767 766 793 799 800 801 828 850 851 852 833 832 831 830 829 802 803 804 805 806 807 777 775 774 773 772 771 770,461 461 410 411 359 358 357 307 308 309 260 259,212 213 214 215 172 133 96 97 98 134 99 100,74 75 74 73 47 46 26 25 42 43 44 45,771 769 733 732 731 690 689 643 596 595 544 543 592 541 542 491 492 438 490 489 437 383 382 330 329 184 144 107,169 171 170 169 168 211 212 258 257 306 356 409
mink_rooted_annealing,GW200208_222617_145.txt,100,10,10,145,145,9,9,0.0670485,70.0752,true,-2 380 381 435 487 540 590 591 640 639 684 685 593 594 641 642 688 689 690 731 732 733 771 772 773 774 775 806 833 832 852 851 850 829 828 800 799 767,-2 831 805 804 803 830 802 801 770 769 768 730 729 728 766 727 686 687 643 596 595 544 543 492 491 438 490 489 437 383 330 382 436 488 541 542 592,-2 329 144 106 74 105 143 183 184 434 793 807 777,-2 259 171 133 134 98 99 43 67 97 96 132,-2 45 26 47 46 72 103 102 101 71 70 44,-2 211 212 130 169 213 258 309 359 411 410 409,-2 100 69 68 66 95 131 170 168 257 306 307,-2 461 356 357 358 308 260 214 215 172 42,-2 107 75 142 104 73 25
mink_rooted_annealing_best,GW200208_222617_145.txt,100,10,10,145,145,9,9,0.0669452,66.4876,true,-2 733 771 803 804 805 832 831 830 802 801 800 799 767 729 730 768 769 770 732 731 690 689 688 687 642 641 685 684 640 639 590 591 592 543 544 594 593,-2 833 806 775 774 773 772 852 851 850 829 828 766 728 686 643 596 595 492 491 438 490 489 542 541 540 487 488 435 434 380 381 382 383 436 437,-2 212 258 307 358 357 410 461 777 807 793 727 330 329,-2 259 214 213 168 131 96 97 68 43 69 98,-2 26 45 71 70 67 132 170 171 172 134 133,-2 169 211 257 306 356 409 411 359 309 260 215,-2 183 143 106 105 104 73 74 47 46 25 44,-2 308 130 66 42 99 100 101 102 103 72,-2 142 75 107 144 184 95
mink_unrooted_greedy,GW200210_092254_117.txt,100,10,10,117,117,8,8,0.0780966,0.00181073,true,665 664 707 708 709 710 711 712 713 714 753 752 751 750 749 748 785 786 787 788 717 633 584 534 585,586 537 536 535 482 483 484 485 486 434 433,432 431 430 377 378 327 379 380 381 382 331,330 329 328 277 230 278 279 280 233 232 231,185 186 146 187 188 148 147 110 109 77 50,78 111 52 53 31 30 51 29 14 15 16,4 5 306 305 304 354 355 356 357 411 410 409 408 407 460 461 462 463 464 517 518 569 568 567 516 515 514 565 566,616 617 663 618 619 620 667 666
mink_unrooted_ilp,GW200210_092254_117.txt,100,10,10,117,117,8,7,0.0780966,3605.28,true,665 664 707 708 709 710 711 712 713 714 753 752 751 750 749 748 785 786 787 788 717 633 584 534 585,586 537 536 535 482 483 484 485 486 434 433,432 431 430 377 378 327 379 380 381 382 331,330 329 328 277 230 278 279 280 233 232 231,185 186 146 187 188 148 147 110 109 77 50,78 111 52 53 31 30 51 29 14 15 16,4 5 306 305 304 354 355 356 357 411 410 409 408 407 460 461 462 463 464 517 518 569 568 567 516 515 514 565 566,616 617 663 618 619 620 667 666
mink_unrooted_annealing,GW200210_092254_117.txt,100,10,10,117,117,9,9,0.0641566,0.308563,true,-2 356 409 410 462 463 516 517 567 568 617 618 619 664 665 666 709 710 711 750 751 752 431 378 328 278 -1,-2 357 355 408 461 515 708 749 712 483 432 379 327 231 147 110 -1,-2 78 146 186 187 232 279 329 277 484 535 717 -1,-2 109 51 30 14 15 306 305 304 354 514 566 464 518 569 663 786 787 753 713 -1,-2 380 433 536 584 482 430 377 111 52 4 -1,-2 407 460 411 616 707 748 620 667 714 788 534 585 485 381 330 230 -1,-2 434 280 233 77 5 16 31 53 148 188 -1,-2 382 331 50 185 486 537 586 633 785 565 -1,-2 29 -1
mink_rooted_greedy,GW200210_092254_117.txt,100,10,10,117,117,8,8,0.0630255,0.00158779,true,748 665 664 707 708 709 710 711 712 713 714 753 752 751 750 749 748 785 786 787 788 717 633 584 534 585,537 586 537 536 535 482 483 484 485 486 434 433,380 432 431 430 377 378 327 379 380 381 382 331,278 330 329 328 277 230 278 279 280 233 232 231,185 185 186 146 187 188 148 147 110 109 77 50,146 78 111 52 53 31 30 51 29 14 15,15 16 4 5 306 305 304 354 355 356 357 411 410 409 408 407 460 461 462 463 464 517 518 569 568 567 516,516 515 514 565 566 616 617 663 618 619 620 667 666
mink_rooted_ILP,GW200210_092254_117.txt,100,10,10,117,117,8,7,0.0630255,3613.11,true,380 432 431 430 377 378 327 379 380 381 382 331,516 515 514 565 566 616 617 663 618 619 620 667 666,537 586 537 536 535 482 483 484 485 486 434 433,15 16 4 5 306 305 304 354 355 356 357 411 410 409 408 407 460 461 462 463 464 517 518 569 568 567 516,278 330 329 328 277 230 278 279 280 233 232 231,146 78 111 52 53 31 30 51 29 14 15,748 665 664 707 708 709 710 711 712 713 714 753 752 751 750 749 748 785 786 787 788 717 633 584 534 585,185 185 186 146 187 188 148 147 110 109 77 50
mink_rooted_annealing,GW200210_092254_117.txt,100,10,10,117,117,8,8,0.0662356,48.4321,true,-2 785 786 751 752 753 714 713 712 711 750 749 710 709 665 619 618 569 568 518 517 464 411 410 463 462 461 514 515 565 566 567 616 617 663 664 708 707,-2 430 482 534 584 717 788 787 748 667 666 620 516 460 407 354 304 305 306 357 409 356 355 408,-2 380 329 278 231 186 146 147 109 77 78 4,-2 16 15 14 29 50 51 30 53 52 111 110,-2 331 330 381 434 486 485 484 537 536 585 535,-2 328 379 378 327 277 230 279 280 233 187 232,-2 382 188 148 185 377 431 432 483 586 633,-2 31 5 433
mink_rooted_annealing_best,GW200210_092254_117.txt,100,10,10,117,117,8,8,0.0625981,53.1046,true,-2 357 410 462 461 514 515 516 463 464 517 518 569 568 567 617 618 619 665 664 663 707 708 709 748 749 710 711 712 751 750 785 786 787 752 753 714 713,-2 430 482 534 584 717 788 667 666 620 616 566 565 411 306 305 355 356 409 408 460 407 354 304,-2 146 109 187 186 231 280 279 328 379 378 377,-2 278 232 233 188 148 52 30 50 14 15 31,-2 185 230 380 433 486 485 537 484 432 327 277,-2 77 78 110 147 330 329 431 483 536 535,-2 53 16 5 4 29 51 111 331 381 434,-2 633 585 586 382
mink_unrooted_greedy,GW200216_220804_129.txt,100,10,10,129,129,5,5,0.0798748,0.0019956,true,794 795 796 824 847 863 862 861 860 872 859 841 842 843 844 845 846 823 822 821 820 819 818 817 816 786 787 788 789 754 753 752 751 750 749 710 666,620 621 622 623 574 523 522 521 573 572 571 520 468 469 470 418,365 366 419 472 471 524 525 575 624 625 626 627 628 629 675 674 673 672 671 670 669 668 667 711 712 713 714 715 716,717 718 719 720 721 678 633 584 585 535 536 483 430 377 378 431 432 485 484 537 538 588 587 586 634 635 636 637 682 681 680 679 722 723 724 762 761,760 759 758 757 756 755 790 791 792 793
mink_unrooted_ilp,GW200216_220804_129.txt,100,10,10,129,129,5,5,0.0798748,97.8778,true,794 795 796 824 847 863 862 861 860 872 859 841 842 843 844 845 846 823 822 821 820 819 818 817 816 786 787 788 789 754 753 752 751 750 749 710 666,620 621 622 623 574 523 522 521 573 572 571 520 468 469 470 418,365 366 419 472 471 524 525 575 624 625 626 627 628 629 675 674 673 672 671 670 669 668 667 711 712 713 714 715 716,717 718 719 720 721 678 633 584 585 535 536 483 430 377 378 431 432 485 484 537 538 588 587 586 634 635 636 637 682 681 680 679 722 723 724 762 761,760 759 758 757 756 755 790 791 792 793
mink_unrooted_annealing,GW200216_220804_129.txt,100,10,10,129,129,5,5,0.0664388,0.236558,true,-2 668 753 754 789 788 817 818 842 843 844 845 846 823 822 821 820 792 793 794 795 761 760 759 721 722 723 680 679 634 635 586 536 484 537 587 636 681 -1,-2 431 483 585 633 678 724 762 796 824 758 757 791 819 790 755 716 715 714 713 752 751 712 711 667 621 622 573 574 623 624 669 670 671 672 -1,-2 588 538 485 432 535 584 720 718 756 717 674 673 626 625 575 524 471 523 522 572 666 710 750 787 816 841 859 860 861 862 847 -1,-2 863 872 786 749 620 571 521 470 418 419 472 525 627 628 629 675 719 682 637 378 430 -1,-2 366 365 468 520 469 377 -1
mink_rooted_greedy,GW200216_220804_129.txt,100,10,10,129,129,5,5,0.0647652,0.00163642,true,759 794 795 796 824 847 863 862 861 860 872 859 841 842 843 844 845 846 823 822 821 820 819 818 817 816 786 787 788 789 754 753 752 751 750 749 710,749 666 620 621 622 623 574 523 522 521 573 572 571 520 468 469 470 418,417 365 366 419 472 471 524 525 575 624 625 626 627 628 629 675 674 673 672 671 670 669 668 667 711 712 713 714 715,715 716 717 718 719 720 721 678 633 584 585 535 536 483 430 377 378 431 432 485 484 537 538 588 587 586 634 635 636 637 682 681 680 679 722 723 724,761 762 761 760 759 758 757 756 755 790 791 792 793
mink_rooted_ILP,GW200216_220804_129.txt,100,10,10,129,129,5,5,0.0647652,250.378,true,749 666 620 621 622 623 574 523 522 521 573 572 571 520 468 469 470 418,417 365 366 419 472 471 524 525 575 624 625 626 627 628 629 675 674 673 672 671 670 669 668 667 711 712 713 714 715,759 794 795 796 824 847 863 862 861 860 872 859 841 842 843 844 845 846 823 822 821 820 819 818 817 816 786 787 788 789 754 753 752 751 750 749 710,715 716 717 718 719 720 721 678 633 584 585 535 536 483 430 377 378 431 432 485 484 537 538 588 587 586 634 635 636 637 682 681 680 679 722 723 724,761 762 761 760 759 758 757 756 755 790 791 792 793
mink_rooted_annealing,GW200216_220804_129.txt,100,10,10,129,129,5,5,0.0693058,48.4373,true,-2 681 724 723 722 721 720 719 718 675 674 673 716 715 754 755 756 757 758 759 760 794 793 792 791 820 821 822 823 824 847 863 862 861 860 843 844 845 846,-2 430 431 483 484 485 538 537 536 586 635 634 633 678 629 628 627 626 672 671 714 753 752 713 712 751 750 786 787 788 789 790 819 818 842 841 817,-2 432 378 377 535 585 679 680 636 587 588 637 682 762 761 795 796 872 859 816 749 710 711 667 668 669 670 625 624 623 574 575 525,-2 584 717 524 472 419 471 470 523 522 468 521 571 620 666 621 622 573 572,-2 520 469 418 365 366
mink_rooted_annealing_best,GW200216_220804_129.txt,100,10,10,129,129,5,5,0.0644229,48.4655,true,-2 788 817 818 789 790 755 716 673 674 717 718 719 720 721 722 760 759 758 757 756 791 792 793 794 795 796 824 823 822 821 820 844 861 862 863 847 846 845,-2 626 625 671 714 713 712 751 750 786 787 816 841 842 859 860 843 819 761 762 724 681 680 679 678 633 634 585 586 635 636 587 588 538 537 536 535,-2 749 711 710 666 667 621 622 623 573 574 575 624 670 669 668 752 753 754 715 672 627 628 629 675 584 483 484 485 432 378 377 430 431,-2 418 419 471 472 525 524 523 470 469 522 521 572 571 620 872 723 682 637,-2 365 366 468 520
mink_unrooted_greedy,GW200220_061928_199.txt,100,10,10,199,199,9,9,0.0796372,0.00488251,true,567 568 616 615 661 662 706 746 707 708 709 749 710 711 667 666 665 664 663 617 618 619 569 570 620 621 622 623 572 571 521 520 519 518 465 466 467,415 414 413 412 359 360 361 362 311 310 309 308 307 306 305 304 303 302 254 255 256 257 258 259 260 261 262 216 215 214 213 212 211 210 209 208,165 166 167 168 169 170 171 172 134 133 132 131 130 129 128 127 93 94 95 96 97 98 99 100 101 102,103 104 105 142 141 140 139 178 179 180 225,224 223 269 270 271 272 226 181 182 143 106,107 75 74 73 72 46 47 48 27 26 25,11 10 9 24 23 41 42 43 44 45 71,70 69 68 67 66 64 63 92 91 126 164 163 205 206 207 253 252 251 300 301 351 352 353 354 355 356 357,358 411 410 409 408 407 406 405 404 456 457 458 459 460 461 462 463 464 517 516 515 514 513 512 511 563 564 565 566
mink_unrooted_ilp,GW200220_061928_199.txt,100,10,10,199,199,9,9,0.0796372,1262.84,true,567 568 616 615 661 662 706 746 707 708 709 749 710 711 667 666 665 664 663 617 618 619 569 570 620 621 622 623 572 571 521 520 519 518 465 466 467,415 414 413 412 359 360 361 362 311 310 309 308 307 306 305 304 303 302 254 255 256 257 258 259 260 261 262 216 215 214 213 212 211 210 209 208,165 166 167 168 169 170 171 172 134 133 132 131 130 129 128 127 93 94 95 96 97 98 99 100 101 102,103 104 105 142 141 140 139 178 179 180 225,224 223 269 270 271 272 226 181 182 143 106,107 75 74 73 72 46 47 48 27 26 25,11 10 9 24 23 41 42 43 44 45 71,70 69 68 67 66 64 63 92 91 126 164 163 205 206 207 253 252 251 300 301 351 352 353 354 355 356 357,358 411 410 409 408 407 406 405 404 456 457 458 459 460 461 462 463 464 517 516 515 514 513 512 511 563 564 565 566
mink_unrooted_annealing,GW200220_061928_199.txt,100,10,10,199,199,10,10,0.0661644,0.511395,true,-2 254 253 302 303 304 355 354 353 406 407 460 461 462 515 516 567 566 616 617 618 568 518 517 464 463 411 410 357 307 306 256 257 211 210 167 166 128 -1,-2 408 409 356 305 255 209 165 208 207 252 301 352 405 458 459 513 514 565 615 662 663 664 665 619 570 569 519 465 412 359 358 308 258 212 168 129 -1,-2 512 511 457 404 351 251 206 164 127 92 93 130 169 213 259 260 214 215 261 310 309 360 413 466 520 571 620 621 667 666 710 709 708 707 706 -1,-2 563 564 661 749 711 622 572 521 467 415 414 361 362 311 262 216 172 171 170 132 133 134 98 68 67 97 96 131 94 126 163 -1,-2 63 66 24 25 26 45 46 47 74 73 72 140 -1,-2 27 43 44 71 103 104 105 141 181 180 224 -1,-2 179 225 142 106 48 10 23 42 41 64 91 205 300 -1,-2 75 143 271 270 223 139 102 99 69 70 11 -1,-2 95 9 101 107 182 226 272 178 269 623 746 -1,-2 456 100 -1
mink_rooted_greedy,GW200220_061928_199.txt,100,10,10,199,199,9,9,0.0649851,0.00393669,true,567 567 568 616 615 661 662 706 746 707 708 709 749 710 711 667 666 665 664 663 617 618 619 569 570 620 621 622 623 572 571 521 520 519 518 465 466 467,417 415 414 413 412 359 360 361 362 311 310 309 308 307 306 305 304 303 302 254 255 256 257 258 259 260 261 262 216 215 214 213 212 211 210 209,254 208 165 166 167 168 169 170 171 172 134 133 132 131 130 129 128 127 93 94 95 96 97 98 99 100 101,138 102 103 104 105 142 141 140 139 178 179 180,322 225 224 223 269 270 271 272 226 181 182,143 143 106 107 75 74 73 72 46 47 48 27,26 26 25 11 10 9 24 23 41 42 43 44,26 45 71 70 69 68 67 66 64 63 92 91 126 164 163 205 206 207 253 252 251 300 301,253 351 352 353 354 355 356 357 358 411 410 409 408 407 406 405 404 456 457 458 459 460 461 462 463 464 517 516 515 514 513 512 511 563 564 565 566
mink_rooted_ILP,GW200220_061928_199.txt,100,10,10,199,199,9,9,0.0649851,592.818,true,26 26 25 11 10 9 24 23 41 42 43 44,567 567 568 616 615 661 662 706 746 707 708 709 749 710 711 667 666 665 664 663 617 618 619 569 570 620 621 622 623 572 571 521 520 519 518 465 466 467,417 415 414 413 412 359 360 361 362 311 310 309 308 307 306 305 304 303 302 254 255 256 257 258 259 260 261 262 216 215 214 213 212 211 210 209,254 208 165 166 167 168 169 170 171 172 134 133 132 131 130 129 128 127 93 94 95 96 97 98 99 100 101,143 143 106 107 75 74 73 72 46 47 48 27,26 45 71 70 69 68 67 66 64 63 92 91 126 164 163 205 206 207 253 252 251 300 301,138 102 103 104 105 142 141 140 139 178 179 180,322 225 224 223 269 270 271 272 226 181 182,253 351 352 353 354 355 356 357 358 411 410 409 408 407 406 405 404 456 457 458 459 460 461 462 463 464 517 516 515 514 513 512 511 563 564 565 566
mink_rooted_annealing,GW200220_061928_199.txt,100,10,10,199,199,9,9,0.0683518,104.387,true,-2 259 309 360 413 465 518 568 617 618 664 708 709 710 711 667 666 621 572 571 620 619 570 520 467 466 414 415 362 361 310 311 261 260 214 213 170 171,-2 749 707 746 706 662 661 615 565 564 563 512 511 458 459 460 513 514 515 462 461 409 408 355 356 357 410 411 412 359 358 308 258 257 256 305 306 307,-2 456 457 404 405 406 407 354 353 352 351 301 300 251 252 253 302 303 304 254 255 209 210 211 212 169 168 167 129 130 131 132 133 172 216 215,-2 164 163 206 207 208 165 166 128 127 92 93 94 95 96 97 98 134 262 521 519 569 517 464 463 516 567 566 616 663 665 622 623,-2 46 26 27 47 72 71 99 68 67 66 41 64 63 91 126 205,-2 100 101 102 139 178 224 180 104 105 106 107,-2 143 142 141 140 103 44 43 24 25 9 10,-2 74 75 182 181 226 225 272 271 270 223 179,-2 48 11 23 42 69 70 45 73 269
mink_rooted_annealing_best,GW200220_061928_199.txt,100,10,10,199,199,9,9,0.0681129,101.525,true,-2 749 710 709 708 664 663 662 661 615 616 617 618 619 570 569 568 567 566 565 564 513 514 515 516 517 518 465 464 463 462 461 409 410 411 412 413 414 415,-2 253 254 255 256 257 211 212 258 259 260 261 311 310 361 360 359 358 357 307 306 305 356 355 354 407 408 460 459 512 511 458 457 456 404 351 352 353,-2 169 168 210 209 208 303 302 301 252 207 164 165 166 167 129 130 131 170 213 214 215 216 262 362 467 466 519 520 521 571 572 621 620 666 667,-2 92 91 63 64 66 67 97 98 134 133 172 171 132 96 95 94 93 128 127 126 163 206 205 251 300 405 406 304 308 309,-2 41 42 43 24 25 46 99 68 563 706 746 707 665 711 622 623,-2 140 179 180 104 105 74 48 27 26 44 45,-2 143 106 47 73 72 71 101 100 69 10 9,-2 272 225 181 182 142 141 139 178 223 224 271,-2 70 23 11 75 107 103 102 269 270 226
mink_unrooted_greedy,GW200220_124850_149.txt,100,10,10,149,149,10,10,0.106912,0.00292715,true,713 712 751 752 753 754 789 790 818 788 787 817 842 819 820 821 822 823 824 825 847 846 845 844 843 861 862 863 848 827 799 826 797 798,766 767 729 728 765 686 687 642 595 596 689 644,597 547 546 545 495 496 497 444 443 442 390,391 392 338 339 340 290 291 242 289 288 240,241 196 197 243 198 156 155 118 119 157 120,121 87 86 85 58 59 60 36 37 38 39,65 64 63 62 61 88 89 90 91 92 127,128 93 94 95 131 130 129 167 168 169 170,215 214 213 212 259 260 261 311 312 363 362 361 310 309 360 414 415 416 417 469 470 523 522 468 467 521 572 573 574 624 623,622 621 668 669 670 714
mink_unrooted_ilp,GW200220_124850_149.txt,100,10,10,149,149,10,9,0.106912,3609.52,true,713 712 751 752 753 754 789 790 818 788 787 817 842 819 820 821 822 823 824 825 847 846 845 844 843 861 862 863 848 827 799 826 797 798,766 767 729 728 765 686 687 642 595 596 689 644,597 547 546 545 495 496 497 444 443 442 390,391 392 338 339 340 290 291 242 289 288 240,241 196 197 243 198 156 155 118 119 157 120,121 87 86 85 58 59 60 36 37 38 39,65 64 63 62 61 88 89 90 91 92 127,128 93 94 95 131 130 129 167 168 169 170,215 214 213 212 259 260 261 311 312 363 362 361 310 309 360 414 415 416 417 469 470 523 522 468 467 521 572 573 574 624 623,622 621 668 669 670 714
mink_unrooted_annealing,GW200220_124850_149.txt,100,10,10,149,149,10,10,0.0666198,0.368036,true,-2 361 362 415 416 469 468 521 522 523 573 572 622 623 669 668 712 713 714 753 752 788 789 818 843 819 820 844 845 862 863 848 826 825 824 847 846 -1,-2 60 87 86 120 119 156 197 242 241 339 290 -1,-2 443 391 289 198 155 59 88 61 62 259 310 311 -1,-2 63 91 92 129 213 260 312 363 574 670 787 817 790 861 821 822 823 797 798 799 827 -1,-2 93 90 89 121 85 157 338 390 496 442 -1,-2 64 128 168 261 309 414 467 621 624 751 754 842 766 765 547 495 -1,-2 212 94 37 58 118 196 340 392 546 597 -1,-2 767 444 291 36 38 130 131 169 214 360 417 470 -1,-2 644 689 729 728 686 687 642 595 545 596 497 -1,-2 215 170 95 65 167 127 39 240 288 243 -1
mink_rooted_greedy,GW200220_124850_149.txt,100,10,10,149,149,10,10,0.0643391,0.00236009,true,715 713 712 751 752 753 754 789 790 818 788 787 817 842 819 820 821 822 823 824 825 847 846 845 844 843 861 862 863 848 827 799 826 797 798,686 766 767 729 728 765 686 687 642 595 596 689 644,644 597 547 546 545 495 496 497 444 443 442 390,392 391 392 338 339 340 290 291 242 289 288,337 240 241 196 197 243 198 156 155 118 119,118 157 120 121 87 86 85 58 59 60 36 37,62 38 39 65 64 63 62 61 88 89 90 91,92 92 127 128 93 94 95 131 130 129 167 168,169 169 170 215 214 213 212 259 260 261 311 312 363 362 361 310 309 360 414 415 416 417 469 470 523 522 468,417 467 521 572 573 574 624 623 622 621 668 669 670 714
mink_rooted_ILP,GW200220_124850_149.txt,100,10,10,149,149,10,9,0.0643391,3616.25,true,118 157 120 121 87 86 85 58 59 60 36 37,417 467 521 572 573 574 624 623 622 621 668 669 670 714,686 766 767 729 728 765 686 687 642 595 596 689 644,337 240 241 196 197 243 198 156 155 118 119,715 713 712 751 752 753 754 789 790 818 788 787 817 842 819 820 821 822 823 824 825 847 846 845 844 843 861 862 863 848 827 799 826 797 798,644 597 547 546 545 495 496 497 444 443 442 390,392 392 391 338 339 340 290 291 242 289 288,92 92 127 128 93 94 95 131 130 129 167 168,62 38 39 65 64 63 62 61 88 89 90 91,169 169 170 215 214 213 212 259 260 261 311 312 363 362 361 310 309 360 414 415 416 417 469 470 523 522 468
mink_rooted_annealing,GW200220_124850_149.txt,100,10,10,149,149,10,10,0.0659454,71.3816,true,-2 259 309 360 361 414 467 468 469 470 523 522 572 573 622 623 624 670 669 668 712 751 752 713 714 753 754 789 790 819 820 844 843 842 818 817 788 787,-2 417 363 312 261 215 260 310 311 362 415 416 521 621 574 821 822 823 824 847 846 845 861 862 863 848 825 797 798 826 827 799,-2 597 547 546 596 595 642 687 728 729 767 766 765,-2 212 213 214 170 95 65 64 63 62 91 92 127,-2 85 119 120 157 198 243 291 290 289 241 196,-2 118 155 58 59 60 88 89 90 61 37 38,-2 686 545 495 496 497 443 391 392 339 338 288,-2 93 128 129 167 168 169 131 130 94 39 36,-2 390 442 444 340 240 242 156 121 86 87,-2 689 644 197
mink_rooted_annealing_best,GW200220_124850_149.txt,100,10,10,149,149,10,10,0.0665101,71.6241,true,-2 788 817 818 843 844 861 862 846 845 822 821 820 819 790 789 754 753 752 787 751 712 713 669 668 622 621 572 521 467 468 469 470 522 573 574 623 624,-2 259 260 215 261 311 310 309 360 361 414 415 362 312 363 416 417 523 670 714 842 863 847 823 824 825 848 827 799 826 798 797,-2 118 119 120 121 88 89 90 127 128 168 213 214,-2 392 391 443 497 547 596 689 767 766 765 728 687,-2 85 86 58 59 60 36 37 61 62 91 92,-2 644 597 546 496 444 339 289 240 196 155 198,-2 686 642 595 545 495 442 390 338 288 340 290,-2 212 169 170 131 130 129 94 93 64 63 38,-2 167 39 87 157 156 197 241 242 291 243,-2 729 65 95
mink_unrooted_greedy,GW200306_093714_171.txt,100,10,10,171,171,8,8,0.0819796,0.00345581,true,810 809 835 836 837 855 854 869 876 875 868 867 866 850 851 852 853 834 833 832 831 830 829 801 802 803 804 805 806 774 773 772 771 770 769 768 730,731 732 733 734 735 736 737 738 739 699 698 697 696 695 694 693 692 691 690 689 644 645 646 647 648 649 650 651 652 653 605 604 603 553,552 602 551 550 601 600 599 598 597 547 548 549 499 446 445 498 497,496 443 444 391 392 393 339 340 341 394 395,342 343 294 293 292 291 243 244 245 201 202,203 204 205 251 250 249 248 247 246 295 296,297 298 299 300 301 350 351 352 353 406 405 404 456 457 458 459 512 513 564 563 562 511 510 561 611 612 613 614 660 704 744,743 742 702 703 659 658 657 701 741 740 776 775 807 808 777 778 779 780 811
mink_unrooted_ilp,GW200306_093714_171.txt,100,10,10,171,171,8,8,0.0819796,642.643,true,810 809 835 836 837 855 854 869 876 875 868 867 866 850 851 852 853 834 833 832 831 830 829 801 802 803 804 805 806 774 773 772 771 770 769 768 730,731 732 733 734 735 736 737 738 739 699 698 697 696 695 694 693 692 691 690 689 644 645 646 647 648 649 650 651 652 653 605 604 603 553,552 602 551 550 601 600 599 598 597 547 548 549 499 446 445 498 497,496 443 444 391 392 393 339 340 341 394 395,342 343 294 293 292 291 243 244 245 201 202,203 204 205 251 250 249 248 247 246 295 296,297 298 299 300 301 350 351 352 353 406 405 404 456 457 458 459 512 513 564 563 562 511 510 561 611 612 613 614 660 704 744,743 742 702 703 659 658 657 701 741 740 776 775 807 808 777 778 779 780 811
mink_unrooted_annealing,GW200306_093714_171.txt,100,10,10,171,171,9,9,0.0670944,0.432847,true,-2 300 351 352 405 458 459 512 563 613 612 658 659 704 703 743 742 779 780 810 809 835 836 855 854 834 853 868 867 852 851 830 829 802 801 769 731 -1,-2 301 299 350 404 457 406 511 562 660 744 702 778 808 807 806 833 832 831 850 770 732 691 690 645 598 548 497 -1,-2 444 549 599 597 644 646 648 649 650 651 652 697 696 695 694 735 736 773 772 771 803 804 805 774 737 738 775 776 777 869 -1,-2 249 250 298 248 247 341 393 392 445 496 547 -1,-2 293 342 340 443 498 600 647 692 733 734 693 602 603 604 605 653 698 739 740 741 611 513 -1,-2 246 245 294 292 394 499 550 601 689 730 866 875 876 837 811 701 657 614 564 -1,-2 552 551 446 391 291 244 202 203 204 251 353 510 561 699 -1,-2 205 297 296 295 201 243 339 343 395 553 768 -1,-2 456 -1
mink_rooted_greedy,GW200306_093714_171.txt,100,10,10,171,171,8,8,0.0652141,0.00286779,true,811 810 809 835 836 837 855 854 869 876 875 868 867 866 850 851 852 853 834 833 832 831 830 829 801 802 803 804 805 806 774 773 772 771 770 769 768,644 730 731 732 733 734 735 736 737 738 739 699 698 697 696 695 694 693 692 691 690 689 644 645 646 647 648 649 650 651 652 653 605 604 603,552 553 552 602 551 550 601 600 599 598 597 547 548 549 499 446 445 498,443 497 496 443 444 391 392 393 339 340 341 394,294 395 342 343 294 293 292 291 243 244 245,203 201 202 203 204 205 251 250 249 248 247 246,118 295 296 297 298 299 300 301 350 351 352 353 406 405 404 456 457 458 459 512 513 564 563 562 511,512 510 561 611 612 613 614 660 704 744 743 742 702 703 659 658 657 701 741 740 776 775 807 808 777 778 779 780 811
mink_rooted_ILP,GW200306_093714_171.txt,100,10,10,171,171,8,8,0.0652141,617.811,true,552 553 552 602 551 550 601 600 599 598 597 547 548 549 498 499 446 445,118 295 296 297 298 299 300 301 350 351 352 353 406 405 404 456 457 458 459 512 513 564 563 562 511,443 497 496 443 444 391 392 393 339 340 341 394,811 810 809 835 836 837 855 854 869 876 875 868 867 866 850 851 852 853 834 833 832 831 830 829 801 802 803 804 805 806 774 773 772 771 770 769 768,644 730 731 732 733 734 735 736 737 738 739 699 698 697 696 695 694 693 692 691 690 689 644 645 646 647 648 649 650 651 652 653 605 604 603,512 510 561 611 612 613 614 660 704 744 743 742 702 703 659 658 657 701 741 740 776 775 807 808 777 778 779 780 811,203 201 202 203 204 205 251 250 249 248 247 246,294 395 342 343 294 293 292 291 243 244 245
mink_rooted_annealing,GW200306_093714_171.txt,100,10,10,171,171,8,8,0.068761,79.5281,true,-2 552 602 603 650 649 694 735 734 772 771 803 804 831 832 833 806 805 774 775 776 777 778 779 780 743 742 702 701 741 740 739 699 698 697 738 737 736,-2 809 808 807 834 853 852 851 850 866 867 875 876 868 869 855 854 835 836 837 811 810 744 704 660 659 613 614 564 513 512 511 562 612 658 657 611 561,-2 605 604 651 695 648 647 693 692 691 690 689 730 731 769 801 829 830 802 770 732 733 773 696 652 653 510 457 456 404 405 406 458 459,-2 703 563 353 352 301 300 351 350 299 298 553 551 550 549 601 600 599 646 598 597 645 644 768,-2 391 392 444 496 547 548 498 499 445 393 341,-2 339 340 291 292 243 244 293 343 342 394 395,-2 205 204 250 249 248 203 202 201 247 246 245,-2 251 497 443 446 294 295 296 297
mink_rooted_annealing_best,GW200306_093714_171.txt,100,10,10,171,171,8,8,0.0692168,79.7389,true,-2 834 833 832 805 806 775 774 773 736 737 738 698 699 739 740 741 742 743 744 780 779 778 777 776 807 808 809 810 836 855 854 853 868 867 866 875 876 869,-2 512 513 564 563 613 612 611 658 659 660 704 703 702 657 701 653 652 605 604 651 696 695 694 735 734 772 804 831 852 851 830 802 803 771 733 692,-2 697 650 603 602 649 648 647 646 691 690 731 732 770 769 801 829 850 835 837 811 614 562 511 458 459 406 405 404 456 457 510 561,-2 693 768 730 689 644 645 597 598 599 549 499 550 600 601 551 552 553 298 299 300 350 351 301 352 353,-2 391 496 547 548 497 444 445 392 393 341 394,-2 251 250 249 203 248 297 296 247 246 245 294,-2 443 498 446 395 342 293 244 292 291 340 339,-2 243 343 295 201 202 204 205
