Method,Dataset,Budget,w_max,w_acc,nPath,mapTiles,SumProb,SumProbBound,TilingTime,PlanningTime,IsValid,path 0,path 1,path 2,path 3
greedy+annealing,GW191103_012549_638.txt,100,10,10,4,638,0.619829,0.619829,0.194315,4.26121,true,1533 3549 3633 3715 3797 3876 3955 4031 4106 4178 4249 4317 4384 4448 4511 4571 4572 4630 4685 4684 4738 4788 4836 4880 4922 4961 4998 5031 5062 5089 5114 5135 5154 5153 5152 5168 5169 5170 5155 5136 5115 5090 5063 5032 4999 4962 4923 4881 -1,3268 4550 4665 4719 4820 4865 4908 4948 4986 4987 5021 5053 5054 5082 5108 5130 5151 5131 5132 5182 5183 5171 5156 5137 5116 5091 4737 4629 4512 4449 4385 4318 4250 4179 3716 3634 3464 3377 3291 3203 3115 3025 2936 2846 -1,159 2304 2394 2484 2575 2665 2756 2845 3114 3202 3290 3378 3465 3550 3796 3954 4030 4105 4837 4787 4835 5134 5133 5109 5083 5081 4949 4909 4819 4770 4720 4609 4489 4426 4361 4293 4153 -1,1971 2666 2576 2485 2395 2036 2124 2214 2303 2664 2755 2937 3026 3798 3877 3956 4032 4107 4879 4960 5064 5191 5181 5167 5022 4866 4771 4666 4610 4551 4490 4425 4294 4225 4080 -1
greedy+ilp,GW191103_012549_638.txt,100,10,10,4,638,0.619464,0.619464,0.18024,3691.07,true,1533 3549 3633 3715 3797 3876 3955 4031 4106 4178 4249 4317 4384 4448 4511 4571 4572 4630 4685 4684 4738 4788 4836 4880 4922 4961 4998 5031 5062 5089 5114 5135 5154 5153 5152 5168 5169 5170 5155 5136 5115 5090 5063 5032 4999 4962 4923 4881 -1,3268 4550 4665 4719 4820 4865 4908 4948 4986 4987 5021 5053 5054 5082 5108 5130 5151 5131 5132 5182 5183 5171 5156 5137 5116 5091 4737 4629 4512 4449 4385 4318 4250 4179 3716 3634 3464 3377 3291 3203 3115 3025 2936 2846 -1,159 2395 2304 2394 2484 2575 2576 2665 2756 2845 3114 3202 3290 3378 3465 3550 3796 3954 4030 4105 4837 4787 4835 5134 5133 5109 5083 5081 4949 4909 4819 4770 4720 4426 4361 4293 4153 -1,1971 2036 2124 2214 2303 2664 2755 2485 2666 2757 2847 2937 3026 3798 3877 3956 4032 4107 4879 4960 5064 5191 5181 5167 5022 4866 4771 4666 4610 4609 4489 4425 4294 4225 4080 -1
top_annealing,GW191103_012549_638.txt,100,10,10,4,638,0.630104,0.630104,0.188755,1.54444,true,1971 3635 3716 3798 3877 4031 4106 4178 4249 4317 4384 4448 4511 4571 4572 4630 4685 4738 4788 4836 4880 4922 4961 4998 4962 4999 5032 5063 5062 5089 5115 5137 5156 5155 5135 5113 5134 5154 5170 5169 5153 5133 5110 5132 5152 5168 -1,3268 2371 3175 3928 4005 4004 4080 4153 4225 4293 4361 4426 4425 4489 4550 4609 4665 4719 4770 4720 4771 4820 4865 4908 4948 4986 5054 5082 5083 5109 5131 5151 -1,1533 2576 2666 2846 2936 3025 2937 3026 3115 3203 3291 3464 3549 3633 3796 3954 4030 4105 4629 4684 4737 4837 4881 4923 5031 5114 5136 5171 5183 5191 5182 5181 5167 5150 5130 5108 5081 5053 5021 4987 4949 4909 4866 4819 -1,159 2036 2124 2214 2394 2304 2395 2485 2484 2575 2664 2665 2756 2845 3114 3202 3290 3377 3378 3465 3550 3634 3715 3797 3876 3955 3956 4032 4107 4179 4250 4318 4385 4449 4512 4787 4835 4879 4960 5090 5116 5091 5064 -1
top_ILP,GW191103_012549_638.txt,100,10,10,4,638,0.637774,0.644933,0.188755,3602.31,true,1971 4739 4789 4837 4881 4923 4962 4999 5032 5064 5091 5116 5090 5063 5115 5136 5156 5171 5137 5155 5113 5170 5183 5191 5182 5169 5181 5168 5133 5153 5152 5132 5110 5083 5109 5131 5151 5167 5150 5130 5108 5082 5054 5022 -1,3268 3175 4005 4080 4153 4225 4294 4293 4361 4426 4490 4551 4610 4666 4720 4771 4820 4865 4866 4909 4949 4987 5021 5053 5081 5020 4986 4948 4908 4864 4819 4770 4719 4665 4609 4550 4489 4425 -1,1533 2485 2575 2665 2576 2666 2756 2846 2937 3026 3115 3203 3291 3378 3465 3550 3634 3716 3798 3877 4031 3955 3956 4032 4107 4179 4250 4318 4385 4449 4512 4572 4630 4685 4738 4788 4836 4880 4922 4961 4998 5031 5062 5089 5114 5135 5154 5134 -1,159 1947 2035 2036 2124 2214 2303 2394 2304 2395 2484 2664 2755 2845 2936 3025 3114 3202 3290 3377 3464 3549 3633 3796 3715 3797 3876 3954 4030 4106 4178 4249 4317 4384 4448 4511 4571 4629 4684 4737 4787 4835 4879 4960 -1
greedy+annealing,GW191109_010717_549.txt,100,10,10,4,549,0.781192,0.781192,0.15849,3.31474,true,1533 1605 1604 1522 1439 1359 1279 1202 1126 1201 1125 1052 1124 1051 979 910 1050 978 909 841 908 840 775 907 839 774 838 773 837 772 836 771 770 835 902 834 901 833 900 968 899 967 1038 1110 1185 1184 1260 -1,3268 2010 1922 1836 1749 1580 1665 1581 1499 1418 1339 1261 1109 1037 1039 832 769 903 904 905 906 977 776 842 911 980 1053 1278 1358 1438 1521 1203 1280 1440 1690 1775 1863 1776 1864 1950 2039 -1,1971 2398 2307 2218 2128 2040 1951 1691 1606 1523 1689 1200 1123 1049 710 649 709 648 708 707 706 768 969 1040 1111 898 966 1500 1338 1417 1664 1750 1923 2098 2187 2097 2009 -1,159 2129 2308 2399 2489 2669 2579 2488 2038 1777 1360 1127 843 778 777 712 976 711 650 647 646 970 1582 1835 2186 2275 2365 2455 2366 2276 -1
greedy+ilp,GW191109_010717_549.txt,100,10,10,4,549,0.783203,0.783203,0.156899,5148.36,true,1533 1605 1604 1522 1439 1359 1279 1202 1126 1201 1125 1052 1124 1051 979 910 1050 978 909 841 908 840 775 907 839 774 838 773 837 772 836 771 770 835 902 834 901 833 900 968 899 967 1038 1110 1185 1184 1260 -1,3268 2010 1922 1836 1749 1665 1581 1499 1418 1339 1261 1109 1037 1039 832 768 769 903 904 905 906 977 776 842 911 980 1278 1358 1438 1521 1280 1360 1440 1690 1606 1691 1776 1863 1950 1864 1951 2039 -1,1971 2218 2128 2040 1775 1689 1523 1203 1127 1053 1200 1123 1049 976 710 649 709 648 708 707 706 969 1040 1111 898 966 1500 1338 1417 1580 1664 1750 1923 2098 2187 2097 2009 -1,159 2129 2308 2399 2489 2669 2579 2488 2398 2307 2217 2127 2038 1777 981 843 778 777 712 711 650 647 646 1582 1835 2186 2275 2276 2366 2455 2365 -1
top_annealing,GW191109_010717_549.txt,100,10,10,4,549,0.793594,0.793594,0.182878,1.28193,true,1971 2129 2040 1357 1278 1201 712 651 711 650 649 710 773 709 648 647 646 706 705 769 833 900 968 899 967 898 966 1339 1340 1261 1185 1038 1039 1040 969 970 902 903 836 904 905 -1,3268 2011 1923 1837 1750 1665 1581 1666 1582 1500 1418 1338 1417 1499 1580 1664 1749 1836 1922 1835 2009 2097 2010 2098 2187 2276 2366 2275 2186 2365 2455 2545 -1,1533 2669 2579 2399 2308 2398 2307 2218 2128 2039 1951 1777 1864 1950 2038 1863 1776 1691 1606 1523 1605 1690 1775 1689 1604 1522 1440 1360 1359 1280 1203 1127 1053 981 779 778 843 911 980 1123 1050 978 909 908 977 1049 -1,159 1439 1521 1438 1358 1279 1202 1126 1125 1052 1200 1124 1051 979 910 842 777 841 776 775 840 976 907 839 774 906 838 837 772 708 707 771 835 770 834 901 768 832 1111 1186 1110 1037 1109 1184 1260 -1
top_ILP,GW191109_010717_549.txt,100,10,10,4,549,0.797351,0.805539,0.182878,3601.67,true,1971 2850 2760 2669 2579 2489 2399 2488 2308 2398 2307 2218 2129 2040 2128 2217 2127 2039 1951 1864 1777 1691 1606 1523 1605 1604 1522 1440 1360 1439 1603 1438 1358 1279 1280 1359 1203 1127 1202 1126 1053 981 911 980 -1,3268 2276 2187 2098 2010 1923 1837 1750 1665 1418 1500 1582 1666 1581 1499 1417 1580 1664 1749 1836 1922 1835 2009 2097 2186 2275 2365 2366 2455 2545 2011 -1,1533 2038 1950 1863 1776 1690 1775 1689 1521 1357 1278 1201 1125 1052 1200 1124 1051 979 910 842 909 978 1050 1123 1049 977 908 976 907 839 774 711 775 840 906 838 905 837 772 708 771 707 770 835 903 836 904 -1,159 778 843 777 841 776 712 650 649 710 773 709 648 647 646 706 769 834 902 901 833 900 832 768 899 970 969 1040 968 1039 1111 1038 967 898 966 1037 1110 1185 1109 1184 1261 1260 1339 1338 -1
greedy+annealing,GW191126_115259_535.txt,100,10,10,4,535,0.636973,0.636973,0.177391,3.2634,true,3268 4359 4291 4222 4150 4077 4001 3924 3428 3341 3254 3166 3429 3514 3599 3681 3682 3764 3844 3923 4000 4076 4149 4221 4290 4423 4424 4488 4549 4608 4664 4609 4665 4719 4770 4720 4771 4820 4821 4866 4949 4910 4950 4988 4989 5024 5056 -1,1971 1144 1220 1297 1620 5059 5086 5058 5057 4990 5023 4951 4867 4909 4865 4548 4487 4358 3763 3255 3165 3077 2988 2808 2898 2807 -1,1533 2051 1790 1705 1538 1456 1071 930 931 863 798 674 -1,159 504 503 614 673 734 1000 1072 999 1376 1877 1963 -1
greedy+ilp,GW191126_115259_535.txt,100,10,10,4,535,0.644442,0.644442,0.468768,15229.1,true,3268 3924 4001 4077 4150 4222 4291 4359 4424 4488 4549 4609 4665 4720 4771 4821 4866 4910 4950 4989 4988 4949 4820 4770 4719 4664 4608 4548 4487 4423 4358 4290 4221 4149 4076 4000 3923 3844 3764 3682 3681 3599 3514 3429 3428 3341 3254 3166 -1,1971 1071 1144 1220 1297 1456 1538 1620 5059 5086 5058 5057 5056 5024 4990 5023 4951 4867 4865 4909 -1,1533 930 931 863 798 734 674 2537 2627 2718 2807 2808 2898 2987 3077 3165 2988 3078 3255 3513 3598 3763 3843 -1,159 614 673 1000 1072 999 1376 1705 1790 1877 1963 2051 -1
top_annealing,GW191126_115259_535.txt,100,10,10,4,535,0.655033,0.655033,0.167768,0.423856,true,1971 1072 931 930 999 1071 1144 1220 1456 1538 1620 1705 -1,3268 4951 4989 5023 5084 4950 4910 4867 4866 4821 4771 4666 4720 4770 4719 4665 4609 4550 4489 4548 4487 4423 4359 4291 4222 4358 4290 4221 4149 4076 3844 3764 3682 3600 3598 3513 3428 3341 3254 3166 3165 3077 2987 2898 2807 2718 -1,1533 2051 1963 1877 1790 1376 1297 863 798 734 673 674 -1,159 2357 2537 2627 2808 2899 2988 3078 3255 3342 3429 3514 3599 3681 3763 3843 3923 4000 3924 4001 4077 4150 4424 4488 4549 4608 4664 4819 4820 4865 4909 4949 4988 4990 5024 5056 5085 5057 5025 5026 5058 5086 5059 -1
top_ILP,GW191126_115259_535.txt,100,10,10,4,535,0.65905,0.672554,0.167768,3601.64,true,1971 1877 1790 1705 1620 1538 1456 1376 1297 1220 1144 1071 -1,3268 4550 4609 4665 4549 4488 4424 4359 4291 4358 4423 4487 4548 4608 4664 4719 4770 4819 4865 4820 4866 4909 4720 4771 4821 4867 4910 4950 4949 4988 5055 5023 4989 4951 4990 5024 5056 5084 5085 5057 5025 5026 5058 5086 5059 5060 5028 -1,1533 1963 2051 1072 999 930 931 863 798 734 673 674 -1,159 2357 2538 2537 2627 2718 2807 2898 2987 3077 3165 3254 3341 3428 3513 3598 3681 3763 3843 3923 4000 4076 4149 4221 4290 4222 4150 4077 4001 3924 3844 3764 3682 3600 3599 3514 3429 3342 3255 3166 3078 2988 2899 2808 -1
greedy+annealing,GW191127_050227_524.txt,100,10,10,4,524,0.765343,0.765343,0.176233,4.73713,true,1971 3487 3572 3655 3573 3656 3738 3739 3819 3898 3976 5045 5074 5101 5124 5145 5162 5177 5187 5195 5201 5200 5196 5188 5178 5163 5146 5125 5102 5075 5046 5047 5076 5103 5126 5147 5164 5179 5189 5082 5054 5021 5053 5020 4986 -1,1533 788 724 663 603 547 3486 3571 3401 3314 3402 3488 3574 3657 3820 3899 4053 4052 4126 4268 4402 4467 4529 4646 4701 4702 -1,3268 4987 5022 5055 5083 5165 5148 5013 5012 5044 5073 4935 4894 4849 4803 4850 4804 4753 4590 4530 4468 4403 4337 4269 4199 4127 3977 3975 3818 3737 3736 3654 3399 3225 3313 3400 3227 3228 3315 3403 -1,159 662 917 1058 3224 3312 3226 3139 3740 3900 4125 4198 4267 4336 4401 4466 4528 4589 4645 4647 4703 4754 4851 4895 5123 5144 5176 5194 -1
greedy+ilp,GW191127_050227_524.txt,100,10,10,4,524,0.765343,0.765343,0.162491,7775.16,true,1971 3572 3487 3573 3655 3738 3656 3739 3819 3898 3976 5045 5074 5101 5124 5145 5162 5177 5187 5195 5201 5200 5196 5188 5178 5163 5146 5125 5102 5075 5046 5047 5076 5103 5126 5147 5164 5179 5189 5082 5054 5021 5053 5020 4986 -1,1533 788 724 663 603 547 3486 3571 3401 3314 3402 3488 3574 3657 3820 3899 4053 4052 4126 4268 4402 4467 4529 4646 4701 4702 -1,3268 4987 5022 5055 5083 5165 5148 5013 5012 5044 5073 4935 4894 4849 4803 4850 4804 4753 4590 4530 4468 4403 4337 4269 4199 4127 3977 3975 3818 3737 3736 3654 3399 3225 3313 3400 3227 3228 3315 3403 -1,159 662 917 1058 3224 3312 3226 3139 3740 3900 4125 4198 4267 4336 4401 4466 4528 4589 4645 4647 4703 4754 4851 4895 5123 5144 5176 5194 -1
top_annealing,GW191127_050227_524.txt,100,10,10,4,524,0.773637,0.773637,0.164906,0.736176,true,1971 3225 3226 3313 3399 3486 3400 3227 3228 3315 3403 3573 3487 3572 3655 3738 3818 3898 3975 3976 3899 3820 3900 3977 4053 4126 4199 4127 4269 4337 4402 4466 4528 4529 4589 4645 4646 4701 4753 4804 4850 4851 -1,3268 5022 4987 5021 4986 5020 4985 5127 5148 5165 5187 5176 5177 5162 5145 5073 5044 5045 5012 4935 4894 4849 4803 4702 4647 4590 4530 4468 4403 4268 4336 4267 4198 4125 4052 3656 3574 3488 3402 3314 3401 3571 -1,1533 3654 3736 3737 3819 3739 3657 3740 4467 5123 5124 5101 5074 5075 5046 5013 5014 5047 5076 5103 5102 5125 5146 5163 5126 5147 5164 5178 5188 5196 5195 5194 5201 5200 5189 5179 5081 5053 5082 5054 5083 5055 -1,159 492 547 603 663 724 788 662 917 986 1058 915 -1
top_ILP,GW191127_050227_524.txt,100,10,10,4,524,0.781558,0.789708,0.170467,3601.43,true,1971 3137 3224 3312 3399 3486 3570 3654 3736 3737 3818 3897 3975 3898 3976 4052 4126 4198 4267 4336 4402 4466 4528 4589 4645 4701 4646 4590 4647 4702 4753 4803 4849 4894 4850 4804 4851 5012 5045 5074 5101 5073 5044 4935 -1,3268 5056 5055 5022 5054 5083 5082 5020 4986 4987 5021 5053 5081 5127 5148 5165 5179 5164 5147 5126 5103 5076 5047 5014 5013 5046 5075 5102 5125 5146 5163 5178 5188 5196 5189 5197 5200 5201 5195 5194 5176 5187 5177 5162 5145 5124 5123 -1,1533 3225 3313 3226 3227 3400 3401 3571 3572 3655 3573 3487 3402 3314 3228 3315 3403 3488 3574 3656 3738 3819 3739 3657 3740 3820 3899 3977 4053 4127 4199 4268 4337 4269 4403 4467 4529 4530 4468 4404 -1,159 547 492 603 663 724 788 662 917 986 1058 915 -1
greedy+annealing,GW191219_163120_645.txt,100,10,10,4,645,0.575319,0.575319,0.299691,7.51262,true,159 463 516 462 515 628 514 569 627 687 750 813 749 686 626 748 812 879 947 1018 1089 1017 946 878 877 945 1016 1088 1163 1239 1396 1317 1238 1162 1087 1015 1161 1237 1316 1395 1477 1558 1641 1557 1475 1315 1394 1476 -1,1971 2428 2519 2429 2339 2249 2340 2250 2161 2071 1984 2072 1985 1897 1810 1724 1811 1898 1812 1725 1640 1556 1393 1236 1086 1164 1090 948 880 811 747 685 625 568 513 461 570 629 571 517 464 414 366 365 413 -1,3268 4021 3945 3786 3704 3622 4097 4169 4309 4442 4566 4680 -1,1533 3537 3621 3944 4096 4734 4565 4505 4441 4377 4310 -1
greedy+ilp,GW191219_163120_645.txt,100,10,10,4,645,0.575319,0.575319,0.192642,9407.82,true,159 463 516 462 515 628 569 514 627 687 750 813 749 686 626 748 812 879 947 1018 1089 1017 946 878 877 945 1016 1088 1163 1239 1396 1317 1238 1162 1087 1015 1161 1237 1316 1395 1477 1558 1476 1394 1315 1475 1557 1641 -1,1971 2428 2519 2429 2339 2249 2340 2250 2161 2071 1984 2072 1985 1897 1810 1724 1811 1898 1812 1725 1640 1556 1393 1236 1086 1164 1090 948 880 811 747 685 625 568 513 461 570 629 571 517 464 414 366 365 413 -1,3268 3704 3622 3786 3945 4021 4097 4169 4309 4442 4566 4680 -1,1533 4734 4565 4505 4441 4377 4310 4096 3944 3621 3537 -1
top_annealing,GW191219_163120_645.txt,100,10,10,4,645,0.576328,0.576328,0.159778,0.8149,true,1971 1557 1642 1558 1476 1394 1315 1161 1237 1316 1395 1477 1559 1396 1317 1238 1162 1087 944 877 945 1016 1088 1163 1239 1164 1089 1017 946 748 812 879 947 1018 1090 880 813 749 750 687 627 569 514 461 412 413 463 -1,3268 3621 3537 3622 3944 4021 4096 4310 4442 4566 4680 4734 -1,1533 3704 3786 3945 4097 4169 4309 4377 4441 4505 4565 -1,159 365 366 414 464 517 571 516 462 515 570 628 568 626 686 685 747 811 878 1015 1086 1236 1393 1475 1556 1640 1641 1726 1812 1725 1724 1811 1898 1985 1897 1810 1984 2072 2071 2161 2250 2340 2249 2339 2429 2519 -1
top_ILP,GW191219_163120_645.txt,100,10,10,4,645,0.574607,0.597285,0.159778,3602.02,true,1971 1983 2071 2249 2339 2519 2429 2340 2250 2161 2072 1984 1810 1897 1985 1898 1812 1725 1811 1724 1640 1556 1393 1475 1557 1641 1726 1642 1558 1476 1394 1315 1236 1086 1087 1015 944 877 945 1016 1088 1163 1090 1018 947 879 812 -1,3268 3621 3537 3622 3704 3786 3944 3945 4021 4096 4169 4309 -1,1533 4097 4310 4377 4441 4442 4505 4565 4566 4680 4734 -1,159 461 514 516 571 464 517 463 412 462 515 570 628 569 627 687 750 814 881 948 880 813 749 686 626 625 685 748 747 811 878 946 1017 1089 1164 1239 1318 1317 1238 1162 1161 1237 1316 1395 1477 1559 1478 1396 -1
greedy+annealing,GW191222_033537_640.txt,100,10,10,4,640,0.740603,0.740603,0.157914,4.45036,true,159 219 257 218 256 339 384 338 383 433 484 652 593 537 483 432 482 536 592 651 712 776 840 775 711 774 839 906 1046 1118 1194 1270 1349 1428 1510 1592 1677 1593 1511 1429 1350 1271 1195 1119 1047 975 976 907 -1,3268 2288 2199 2110 2022 1934 2023 1935 1849 1762 1848 1761 1676 1193 1430 1120 908 650 538 434 385 340 297 296 295 255 217 151 184 258 220 185 152 124 153 186 221 222 154 125 126 155 156 127 -1,1533 349 266 227 226 191 158 128 157 190 225 264 263 224 189 223 188 187 259 183 337 382 591 838 974 1512 1594 1678 1591 1847 2021 2109 2198 2287 2377 2557 2467 2378 2379 2289 2200 2111 -1,1971 554 499 352 267 307 397 396 350 265 305 304 262 261 260 99 98 123 294 431 713 1048 1272 1045 1269 1348 1509 1675 1760 1933 2468 2559 2648 2558 2647 2737 2646 2736 2825 -1
greedy+ilp,GW191222_033537_640.txt,100,10,10,4,640,0.740603,0.740603,0.161598,1735.22,true,159 219 257 218 256 339 384 383 338 433 484 593 652 537 483 432 482 536 592 651 712 776 840 775 711 774 839 907 976 1047 975 906 1046 1118 1194 1270 1349 1428 1510 1592 1677 1593 1511 1429 1350 1271 1195 1119 -1,3268 2288 2199 2110 2022 1934 2023 1935 1849 1762 1848 1761 1676 1193 1430 1120 908 650 538 434 385 340 297 296 295 255 217 151 184 258 220 185 152 124 153 186 221 222 154 125 126 155 156 127 -1,1533 349 266 227 226 191 158 128 157 190 225 264 263 224 189 223 188 187 259 183 337 382 591 838 974 1512 1594 1678 1591 1847 2021 2109 2198 2287 2377 2557 2467 2378 2379 2289 2200 2111 -1,1971 554 499 352 267 307 397 396 350 265 305 304 262 261 260 99 98 123 294 431 713 1048 1272 1045 1269 1348 1509 1675 1760 1933 2468 2559 2648 2558 2647 2737 2646 2736 2825 -1
top_annealing,GW191222_033537_640.txt,100,10,10,4,640,0.746658,0.746658,0.191454,1.80886,true,1971 672 555 499 554 498 447 396 350 397 351 307 352 399 308 267 266 227 191 226 265 305 349 395 348 304 264 263 262 223 261 260 221 185 124 97 75 98 76 99 100 128 -1,3268 2825 2646 2557 2647 2558 2467 2377 2287 2198 2378 2379 2288 2199 2109 2021 1933 1847 1760 1675 1591 1676 1761 1848 1934 2022 2110 2289 2200 2111 2023 1935 1936 1849 1762 1677 1763 1678 1594 1272 1195 431 382 337 294 255 -1,1533 341 296 256 295 339 384 433 338 383 432 483 537 593 652 713 482 536 592 651 712 776 840 775 711 774 839 907 908 976 975 1047 1120 1119 1046 1118 1194 1271 1350 1270 1349 1429 1511 1593 1592 1510 1428 -1,159 158 157 190 225 224 189 156 127 126 155 188 222 187 154 125 153 186 220 259 298 258 219 184 152 123 151 183 217 218 257 297 340 385 434 484 538 591 650 838 906 974 1045 1193 1269 1430 1512 -1
top_ILP,GW191222_033537_640.txt,100,10,10,4,640,0.749796,0.755459,0.191454,3602.11,true,1971 554 499 447 396 350 397 351 307 352 267 266 227 264 225 190 157 128 100 127 156 189 188 155 126 99 76 75 97 123 151 183 217 255 294 337 382 431 482 536 592 651 711 650 591 -1,3268 3181 2916 2825 2736 2737 2826 2646 2557 2647 2828 2738 2648 2559 2558 2378 2287 2377 2467 2468 2379 2288 2199 2198 2109 2021 1933 2022 2110 1934 1847 1760 1675 1591 1509 1676 1761 1848 1849 1936 1935 2023 2111 2200 2289 2380 -1,1533 341 297 257 218 256 296 340 432 483 537 712 907 839 774 838 906 975 1047 1120 1195 1119 1046 974 1045 1118 1193 1270 1349 1429 1511 1593 1678 1763 1762 1677 1592 1510 1428 1348 1269 1194 1271 1350 1430 1512 1594 -1,159 158 191 226 265 305 349 304 263 224 223 262 261 222 187 154 125 98 124 153 186 221 260 259 220 185 152 184 219 258 385 434 384 339 295 338 383 433 484 538 593 652 713 776 775 840 908 976 -1
greedy+annealing,GW200128_022011_680.txt,100,10,10,4,680,0.551728,0.551728,0.164392,4.6795,true,159 259 299 343 388 342 387 341 386 436 487 541 486 540 596 716 655 595 654 715 779 844 980 911 843 778 910 979 1051 1124 1276 1199 1123 1050 1122 1198 1275 1354 1434 1516 1598 1433 1515 1597 1682 1767 1854 1940 2028 -1,3268 2743 2653 2564 2473 2384 2294 2205 2116 2115 2027 1939 1853 1766 1681 1596 1514 1432 1353 1274 978 842 714 780 656 597 539 485 435 298 258 220 221 260 300 344 301 261 222 223 262 263 224 225 264 -1,1971 3987 4064 4137 4279 4413 4414 4280 4138 3584 3667 -1,1533 350 397 398 351 266 265 305 349 304 303 302 188 155 154 186 297 340 385 437 488 542 912 1052 1200 1355 2385 2474 2204 2293 2383 2563 2833 2923 2832 3011 3101 3189 3188 3276 -1
greedy+ilp,GW200128_022011_680.txt,100,10,10,4,680,0.553928,0.553928,0.172877,7441.29,true,159 259 299 343 388 342 387 341 386 436 487 541 486 540 596 716 655 595 654 715 779 844 980 911 843 778 910 979 1051 1124 1276 1199 1123 1050 1122 1198 1275 1354 1434 1516 1598 1433 1515 1597 1682 1767 1854 1940 2028 -1,3268 2743 2653 2564 2473 2384 2294 2205 2116 2115 2027 1939 1853 1766 1681 1596 1514 1432 1353 1274 978 842 714 780 656 597 539 485 435 298 258 220 221 260 300 344 301 261 222 223 262 263 224 264 225 -1,1971 3584 3667 3750 3830 3910 3987 4064 4137 4210 4279 4280 -1,1533 350 397 398 351 266 265 305 349 304 303 302 188 155 154 186 297 340 385 437 488 542 912 1052 1200 1355 2385 2474 2204 2293 2383 2563 2833 2923 2832 3011 3101 3189 3188 3276 -1
top_annealing,GW200128_022011_680.txt,100,10,10,4,680,0.554128,0.554128,0.17023,1.02726,true,1971 3584 3667 3830 3910 3987 3988 4064 4137 4138 4210 4279 -1,3268 2563 2564 2473 2204 2115 2027 1939 1853 1766 1941 1854 1767 1682 1681 1596 1514 1432 1353 1274 1198 1122 979 1051 1052 911 843 595 539 485 435 486 541 487 436 387 342 298 258 220 259 299 343 300 260 221 -1,1533 388 437 542 597 656 780 716 655 715 779 844 912 980 1124 2653 2743 2833 2832 4657 4414 4413 4348 4280 -1,159 159 351 350 305 265 264 225 224 263 262 223 222 261 301 344 341 386 340 385 540 596 654 714 778 842 910 978 1050 1123 1199 1276 1355 1275 1354 1434 1516 1598 1433 1515 1597 1940 2028 2116 2205 2294 2384 -1
top_ILP,GW200128_022011_680.txt,100,10,10,4,680,0.561325,0.571693,0.17023,3602.44,true,1971 3584 3667 3830 3910 3987 3988 4064 4137 4138 4210 4279 -1,3268 3276 3188 3189 3101 3011 2832 2923 2833 2743 2653 2564 2473 2563 2383 2293 2384 2474 2385 2294 2205 2116 2028 1940 1854 1767 1682 1597 1515 1598 1516 1434 1354 1275 1198 1274 1353 1433 1432 1514 1596 1681 1766 1853 1939 2027 2115 2204 -1,1533 341 387 437 488 542 487 436 386 340 385 435 486 541 597 656 596 540 485 539 595 655 716 780 912 844 779 715 654 714 778 843 911 980 1052 1200 1124 1051 979 910 842 978 1122 1050 1123 1199 1276 1355 -1,159 352 398 351 397 266 306 350 349 305 265 264 225 157 156 189 224 263 304 303 302 262 223 188 155 154 187 222 261 301 345 344 300 260 221 186 220 259 299 343 389 388 342 298 258 297 -1
greedy+annealing,GW200208_222617_766.txt,100,10,10,4,766,0.821949,0.821949,0.181929,5.27039,true,1971 3738 3656 3739 3819 3898 3975 4052 4126 4127 4053 3976 3899 3820 3900 3977 4054 3978 4055 4128 4200 4269 4199 4268 4337 4403 4529 4468 4404 4338 4270 4201 4271 4339 4405 4469 4530 4531 4591 4647 4703 4648 4592 4532 4649 4704 4705 -1,1533 3571 3654 3736 3572 3487 3573 3574 3657 3740 3655 3737 3818 3897 4051 4125 4198 4402 4467 4590 4646 4702 4755 4805 4852 4806 4756 4807 4853 4938 4855 4854 4808 4757 4706 4651 4650 4593 4533 4470 4406 4340 4129 -1,159 2868 2959 3047 3137 3224 3312 3225 3313 3399 3570 3486 3400 3401 3402 3488 3896 4050 4267 4336 3821 3901 4202 4471 4594 4707 4758 4809 4856 4900 4940 4899 4939 4978 4977 4898 4897 4937 4851 4804 4754 -1,3268 4979 4941 4857 4811 4810 4759 4708 4652 4595 4534 4272 3979 3575 3314 3227 3226 3138 3048 2869 2779 2688 2598 2507 2417 2597 2686 2777 2687 2778 2958 2867 2866 2957 3046 3136 3398 3485 3653 3735 3817 -1
greedy+ilp,GW200208_222617_766.txt,100,10,10,4,766,0.821949,0.821949,0.197873,2949.48,true,1971 3656 3738 3739 3819 3898 3975 4052 3976 3899 3820 3900 3977 4053 4126 4268 4199 4127 4054 3978 4055 4128 4200 4269 4337 4403 4338 4270 4201 4271 4339 4404 4468 4529 4530 4469 4405 4531 4591 4647 4703 4648 4592 4532 4649 4704 4705 -1,1533 3571 3654 3736 3572 3487 3573 3655 3737 3818 3897 4051 4125 4198 4402 4467 4590 4646 4702 4805 4755 4756 4806 4852 4853 4938 4855 4854 4808 4807 4757 4706 4651 4650 4593 4533 4470 4406 4340 4129 3740 3657 3574 -1,159 2868 2959 3047 3137 3224 3312 3225 3313 3399 3570 3486 3400 3401 3402 3488 3896 4050 4267 4336 3821 3901 4202 4471 4594 4707 4758 4809 4856 4900 4940 4899 4939 4978 4977 4898 4897 4937 4851 4804 4754 -1,3268 4979 4941 4857 4811 4810 4759 4708 4652 4595 4534 4272 3979 3575 3314 3227 3226 3138 3048 2869 2779 2688 2778 2687 2598 2507 2417 2597 2686 2777 2866 2957 2867 2958 3046 3136 3398 3485 3653 3735 3817 -1
top_annealing,GW200208_222617_766.txt,100,10,10,4,766,0.826433,0.826433,0.214632,1.74914,true,1971 2686 2777 2866 2957 3046 3136 3312 3399 3313 3400 3486 3570 3654 3737 3818 3898 3976 4053 4054 3978 4337 4402 4467 4403 4338 4404 4405 4470 4406 4471 4534 4595 4652 4708 4759 4809 4855 4899 4939 4978 4977 4938 4896 4851 4805 -1,3268 4857 4811 4810 4856 4900 4940 4979 4898 4854 4808 4758 4707 4757 4807 4853 4852 4806 4704 4649 4532 4056 3979 3901 3821 3900 3977 3899 3819 3738 3655 3573 3488 3402 3314 3225 3137 2869 2779 2688 2598 2507 2417 -1,1533 2506 2597 2687 2778 2868 2959 3048 3138 3226 3227 3401 3571 3487 3572 3736 3817 3896 3897 4050 4051 4052 4126 4198 4269 4200 4270 4201 4271 4202 4272 4340 4468 4529 4528 4589 4702 4703 4648 4755 4756 4705 4650 4897 4937 -1,159 2867 2958 3047 3224 3398 3485 3653 3735 3656 3574 3657 3739 3740 3820 3975 4125 4267 4336 4268 4199 4127 4128 4055 4129 4339 4469 4530 4590 4646 4701 4753 4804 4754 4647 4591 4531 4592 4593 4533 4594 4651 4706 -1
top_ILP,GW200208_222617_766.txt,100,10,10,4,766,0.828934,0.835405,0.214632,3603.07,true,1971 2417 2507 2598 2688 2779 2869 2959 2868 2778 2867 2958 3047 3137 3048 3138 3225 3313 3226 3227 3400 3401 3571 3572 3487 3402 3488 3574 3656 3573 3655 3738 3819 3899 3976 3898 3975 4052 4126 4053 3977 3900 3821 3740 3820 3739 3657 3575 -1,3268 4858 4812 4811 4857 4900 4856 4901 4941 4940 4979 4978 4939 4899 4855 4809 4810 4760 4759 4708 4652 4707 4758 4808 4854 4898 4938 4897 4853 4807 4757 4706 4651 4595 4534 4594 4650 4705 4756 4806 4852 4896 4937 4976 4977 -1,1533 2416 2506 2597 2687 2686 2777 2866 2957 3046 3136 3224 3312 3399 3486 3570 3653 3735 3654 3736 3817 3896 3737 3818 3897 4050 4051 4125 4198 4267 4336 4268 4199 4127 4054 3978 3901 3979 4055 4128 4200 4269 4338 4270 4201 4129 -1,159 4337 4402 4403 4467 4528 4589 4529 4468 4404 4339 4271 4202 4130 4272 4340 4405 4469 4530 4590 4646 4701 4753 4702 4647 4591 4531 4470 4406 4471 4532 4592 4648 4703 4754 4804 4851 4805 4755 4704 4649 4593 4533 4472 -1
greedy+annealing,GW200210_092254_633.txt,100,10,10,4,633,0.652376,0.652376,0.229136,4.12955,true,3268 3003 2914 2823 2733 2642 2552 2462 2372 2282 2373 2463 2553 2643 2734 2824 3182 3445 3530 3614 3615 3697 3779 3698 3780 3859 3938 4090 4015 3939 3860 3781 3861 3940 4016 4091 4164 4092 4017 4093 4165 4166 4237 4306 4307 4308 4376 4440 -1,1533 1965 2053 2141 4442 4441 4377 4309 4375 4439 4305 4236 4163 4014 3616 3358 3529 3444 3357 3270 3181 3093 3004 2554 2461 2371 2281 2192 2193 2103 2015 -1,1971 2409 2230 1706 1621 1622 1707 1792 1879 2054 2410 2589 -1,159 1539 1791 1878 2319 2499 4378 4310 4438 4374 4238 4018 3941 3699 3531 3271 3183 3094 2915 3092 3002 2913 2822 2732 -1
greedy+ilp,GW200210_092254_633.txt,100,10,10,4,633,0.652376,0.652376,0.166464,12183.4,true,3268 3003 2914 2823 2733 2642 2552 2462 2372 2282 2373 2463 2553 2643 2734 2824 3182 3445 3530 3614 3615 3697 3779 3698 3780 3859 3938 4090 4015 3939 3860 3781 3861 3940 4016 4091 4164 4092 4017 4093 4165 4237 4166 4306 4307 4308 4376 4440 -1,1533 1965 2053 2141 4442 4441 4377 4309 4375 4439 4305 4236 4163 4014 3616 3358 3529 3444 3357 3270 3181 3093 3004 2554 2193 2103 2015 2192 2281 2371 2461 -1,1971 1621 1706 1792 1879 1707 1622 2054 2230 2410 2409 2589 -1,159 1539 1791 1878 2319 2499 4378 4310 4438 4374 4238 4018 3941 3699 3531 3271 3183 3094 2915 3092 3002 2913 2822 2732 -1
top_annealing,GW200210_092254_633.txt,100,10,10,4,633,0.664692,0.664692,0.211333,0.484552,true,1971 1622 1707 1792 1879 2054 1965 2053 2141 2230 2319 2409 -1,3268 3268 3092 3002 2913 2733 2553 2462 2282 2373 2463 2554 2643 2734 2823 2914 3003 3093 3181 3270 3358 3445 3530 3615 3697 3616 3698 3780 3859 3938 4015 3939 3860 3781 3699 3861 3940 4016 4091 4164 4092 4017 3941 4018 4093 4166 4307 4308 4309 -1,1533 2589 2499 2410 2320 2231 1878 1791 1706 1621 1539 1540 -1,159 2015 2103 2193 2102 2192 2281 2372 2371 2461 2552 2642 2822 2824 2915 3004 3094 3182 3183 3271 3357 3444 3529 3614 3696 3779 4014 4090 4163 4235 4236 4165 4237 4305 4306 4374 4439 4375 4440 4376 4441 4377 4442 -1
top_ILP,GW200210_092254_633.txt,100,10,10,4,633,0.665643,0.681758,0.211333,3602,true,1971 1792 1707 1622 1540 1539 1621 1706 1791 1879 1965 2054 -1,3268 3358 3445 3530 3615 3697 3779 3859 3938 4014 4090 4015 3939 3860 3780 3698 3616 3699 3781 3861 3940 4016 4091 4163 4164 4092 4017 3941 4018 4093 4165 4236 4305 4237 4166 4238 4306 4373 4438 4374 4307 4439 4375 4308 4309 4376 4440 4441 4442 -1,1533 1878 2053 2141 2231 2320 2410 2499 2589 2409 2319 2230 -1,159 2015 2014 2102 2103 2192 2281 2371 2461 2372 2282 2193 2373 2463 2553 2462 2552 2642 2732 2822 2913 3002 3092 3003 2914 2823 2733 2643 2554 2644 2734 2824 2915 3004 3094 3182 3270 3183 3271 3357 3444 3529 3614 3696 -1
greedy+annealing,GW200216_220804_735.txt,100,10,10,4,735,0.691726,0.691726,0.192184,5.17443,true,1971 3216 3215 3303 3390 3476 3561 3645 4041 4116 4115 4040 3964 4114 4186 4187 4258 4326 4325 4392 4456 4519 4579 4692 4744 4691 4636 4578 4518 4455 4454 4517 4577 4635 4690 4743 4793 4841 4885 4884 4840 4792 4742 4689 4741 4791 4839 4883 -1,1533 2859 3038 3128 3304 3477 3562 3646 3727 3809 3808 3726 3644 3807 3886 3965 4188 4259 4327 4393 4457 4520 4637 4745 4842 4794 4257 4256 4324 4391 4576 4634 4688 4687 4740 4790 4838 4882 4834 4878 4833 4785 4735 4681 4734 -1,3268 4567 4626 4568 4682 4784 4832 4877 4920 4959 4960 4925 4964 5002 4965 4926 4927 4966 4886 4580 4117 4042 3966 3887 4185 4039 3963 3885 3806 3643 3560 3475 3389 3302 3214 3127 2949 2950 3039 3129 3217 3391 -1,159 2679 2770 2860 3725 3724 4038 4113 4323 4390 4453 4516 4575 4633 4574 4686 4739 4837 4924 4963 5001 4997 4921 4879 4786 4736 4627 4508 4445 4444 4380 4313 4312 4097 4096 4021 3945 3787 3705 3623 -1
greedy+ilp,GW200216_220804_735.txt,100,10,10,4,735,0.696931,0.696931,0.174039,5843.16,true,1971 3216 3215 3303 3390 3561 3645 4041 4116 4188 4326 4258 4187 4115 4040 3964 4114 4186 4257 4325 4392 4456 4519 4579 4692 4744 4691 4636 4578 4518 4455 4454 4577 4635 4690 4743 4793 4841 4885 4884 4840 4792 4742 4689 4741 4791 4839 4883 -1,1533 2859 3038 3128 3304 3389 3476 3477 3562 3646 3727 3809 3808 3726 3644 3807 3886 3965 4259 4327 4393 4457 4520 4637 4745 4794 4842 4886 4926 4965 4964 4925 4882 4838 4790 4740 4687 4688 4634 4576 4517 4391 4324 4256 4039 3963 -1,3268 4832 4784 4734 4681 4626 4567 4568 4682 4735 4785 4834 4878 4833 4877 4920 4959 4997 4960 5001 5002 4966 4927 4580 4458 4189 4117 4042 3966 3887 3885 3806 3643 3560 3475 3302 3214 3127 2949 2950 3039 3129 3217 -1,159 2679 2770 2860 3391 3478 3725 3724 3884 4038 4113 4185 4323 4390 4453 4516 4575 4633 4574 4686 4739 4789 4837 4921 4879 4786 4736 4627 4508 4445 4444 4380 4313 4312 4097 4096 4021 3945 3787 3705 3623 -1
top_annealing,GW200216_220804_735.txt,100,10,10,4,735,0.701889,0.701889,0.178729,1.72431,true,1971 2771 2860 3127 3215 3303 3389 3476 3561 3645 3886 3964 4039 4114 4186 4257 4187 4258 4326 4325 4392 4456 4519 4579 4637 4578 4518 4455 4577 4635 4636 4691 4744 4690 4743 4793 4841 4885 4926 4884 4840 4792 4742 4689 4634 4688 4741 4791 -1,3268 4832 4877 4833 4785 4878 4920 4959 4997 4960 4921 4879 4834 4786 4736 4682 4735 4681 4734 4784 4680 4625 4567 4626 4568 4627 4569 4686 4739 4789 4837 4963 4924 4882 4838 4790 4740 4687 4633 4575 4517 4454 4390 4324 4391 -1,1533 2858 2949 3038 3128 3216 3304 3390 3477 3562 3646 3728 3809 3727 3887 3808 3726 3644 3560 3807 3965 4040 4115 4116 4188 4259 4327 4393 4457 4520 4580 4638 4692 4745 4794 4842 4886 4928 5003 4966 4927 4965 5002 5001 4964 4925 4883 4839 -1,159 2679 2769 2770 2859 2950 3039 3129 3217 3391 3478 3563 3888 3966 4041 4042 4117 4189 4394 4458 4693 4795 4843 4576 4516 4453 4323 4256 4185 4113 4038 3884 3963 3885 3806 3724 3725 3643 3475 3388 3302 3214 3037 -1
top_ILP,GW200216_220804_735.txt,100,10,10,4,735,0.711026,0.721879,0.178729,3602.69,true,1971 3217 3304 3390 3477 3391 3478 3562 3646 3728 3888 3809 3727 3808 3887 3965 4041 3966 4116 4042 4117 4189 4188 4259 4327 4394 4458 4520 4580 4638 4795 4843 4886 4842 4794 4744 4691 4636 4578 4518 4455 4516 4453 4576 4634 4575 4633 -1,3268 3622 3623 3705 3787 3945 4021 4096 4097 4312 4313 4444 4507 4567 4625 4680 4734 4784 4832 4877 4833 4785 4735 4681 4626 4568 4508 4445 4569 4627 4682 4736 4786 4834 4878 4920 4959 4997 4960 4921 4879 4837 4739 4686 -1,1533 2769 2859 2949 3038 3127 3214 3302 3475 3560 3644 3725 3643 3724 3806 3885 3963 4039 4114 4186 4257 4325 4392 4456 4391 4324 4256 4185 4323 4390 4454 4517 4577 4635 4689 4742 4792 4840 4884 4926 4965 5001 4964 4925 4883 4839 4791 4741 4688 -1,159 2770 2860 2950 3039 3129 3216 3128 3215 3303 3389 3476 3561 3645 3726 3807 3886 3964 4040 4115 4187 4258 4326 4393 4457 4519 4579 4637 4692 4745 4743 4690 4793 4841 4885 4927 4966 5003 5002 4963 4924 4882 4838 4790 4740 4687 -1
greedy+annealing,GW200220_124850_785.txt,100,10,10,4,785,0.535487,0.535487,0.19991,5.35381,true,3268 3191 3453 3538 3622 3539 3623 3705 3787 3706 3788 3867 3946 3945 4022 4097 4170 4098 4023 4099 4171 4242 4310 4442 4378 4311 4243 4379 4443 4506 4566 4625 4567 4507 4626 4681 4734 4785 4735 4682 4736 4786 4834 4879 4835 4880 4962 -1,1533 3624 3454 3367 3280 3192 3104 3014 2925 2834 2744 2833 2924 3013 3103 3279 3366 3704 3786 3866 3947 4241 4377 4505 4680 4568 4627 4787 4836 4922 4961 4999 4923 4881 4924 4963 5000 5034 5001 4964 4965 5002 -1,1971 4970 5006 4969 4968 5005 5037 5004 4967 4966 5003 5036 5067 5066 5035 4925 4883 4882 4837 4737 4683 4878 4833 4444 4312 4172 3868 3537 3452 3365 3278 3190 3102 3012 2923 2743 2652 2563 2653 2564 2654 -1,159 517 628 750 880 1018 1089 1163 1239 1396 1477 1558 -1
greedy+ilp,GW200220_124850_785.txt,100,10,10,4,785,0.535054,0.535054,0.176339,3388.13,true,3268 3191 3279 3366 3453 3538 3454 3539 3623 3705 3787 3706 3788 3867 3946 4022 4097 4170 4098 4023 4099 4171 4242 4310 4442 4378 4311 4379 4443 4506 4566 4625 4567 4507 4626 4681 4734 4785 4735 4682 4736 4786 4834 4879 4835 4880 4923 4962 -1,1533 3624 3367 3280 3192 3104 3014 2925 2834 2833 2924 3013 3103 3365 3622 3704 3786 3866 3945 3947 4241 4377 4505 4243 4312 4444 4568 4680 4787 4836 4881 4922 4961 4999 5000 4963 4964 5001 5034 5002 4965 -1,1971 4970 5006 4969 4968 5005 5037 5004 4967 4966 5003 5036 5067 5066 5035 4925 4883 4882 4924 4837 4737 4683 4627 4878 4833 4784 4021 3537 3452 3278 3190 3102 3012 2923 2743 2652 2563 2653 2564 2654 2744 -1,159 517 628 750 880 1018 1089 1163 1239 1396 1477 1558 -1
top_annealing,GW200220_124850_785.txt,100,10,10,4,785,0.536921,0.536921,0.168518,0.935825,true,1971 4844 4888 4845 4889 4891 4970 5006 4969 4968 5005 5068 5037 5004 4967 4886 4966 5003 5036 5067 5066 5035 5002 4965 4926 4884 4883 4925 4964 5001 5034 5065 5000 4963 4924 4882 4837 4881 4787 4737 4683 4833 4878 4921 -1,3268 3190 3366 3453 3538 3622 3623 3705 3787 3706 3788 3867 3946 4022 4097 4098 4023 3947 4099 4171 4242 4310 4442 4378 4311 4243 4312 4379 4506 4566 4680 4625 4567 4626 4681 4734 4784 4785 4735 4682 4736 4786 4834 4879 4835 4880 4836 -1,1533 3624 3539 3454 3367 3280 3192 3104 3014 2925 2834 2744 2653 2743 2833 2924 3013 3102 3103 3191 3279 3365 3452 3537 3704 3786 3866 3945 4170 4241 4377 4505 4443 4444 4507 4568 4627 4922 4961 4923 4962 4999 5033 -1,159 750 880 879 1018 1017 1089 1163 1239 1396 1477 1558 -1
top_ILP,GW200220_124850_785.txt,100,10,10,4,785,0.543964,0.550969,0.168518,3603.08,true,1971 4845 4889 4969 5006 4970 4931 4888 4887 4967 4968 5005 5004 5037 5068 5067 5036 5003 4966 4965 5002 5035 5066 5065 5034 5001 4964 4925 4883 4882 4924 4963 5000 4962 4999 4961 4922 4880 4923 4881 4837 4836 4835 4879 4921 -1,3268 2652 2563 2653 2564 2654 2744 2833 2924 2834 2925 3014 3104 3192 3280 3367 3454 3539 3705 3623 3624 3706 3788 3867 3946 4022 4097 4021 3945 3866 3787 3786 3704 3622 3538 3453 3366 3279 3191 3103 3013 3102 3190 3278 3365 3452 3537 -1,1533 3868 3947 4023 4098 4170 4241 4309 4377 4310 4242 4171 4099 4172 4243 4311 4378 4442 4505 4566 4506 4443 4379 4312 4444 4507 4567 4625 4680 4734 4681 4626 4568 4627 4682 4735 4785 4833 4878 4834 4786 4736 4683 4737 4787 4788 -1,159 517 628 750 880 1018 1089 1163 1239 1396 1477 1558 -1
greedy+annealing,GW191113_071753_952.txt,100,10,10,4,952,0.562891,0.562891,0.208748,7.6745,true,159 343 388 342 387 436 487 541 486 540 596 716 655 595 539 485 484 538 653 654 715 779 844 778 843 911 980 1124 1051 979 910 909 1049 1121 1197 1274 1433 1516 1434 1354 1275 1198 1122 1050 1123 1199 1276 1355 -1,1533 300 260 259 299 341 386 435 385 339 384 434 597 656 780 912 1052 1200 1435 1598 1515 1597 1682 1767 1854 1940 2028 2027 1939 1853 1766 1681 1596 1514 1432 1353 1273 1196 977 978 841 842 777 714 594 -1,3268 2384 2294 2205 2116 2115 1852 1765 1680 1595 1513 1431 1352 1048 908 776 713 652 593 537 483 433 296 340 297 257 219 258 298 220 221 186 153 125 126 154 222 261 301 344 389 438 437 488 542 -1,1971 3149 3061 2971 2791 4137 4279 4413 3584 3325 3238 -1
greedy+ilp,GW191113_071753_952.txt,100,10,10,4,952,0.567391,0.567391,0.193359,4774.1,true,159 259 299 343 388 342 387 436 487 541 486 485 540 596 655 716 779 715 654 595 539 484 538 653 714 778 843 911 980 1124 1051 979 910 909 978 1050 1123 1199 1276 1355 1434 1354 1275 1198 1122 1049 1121 1197 1274 -1,1533 300 260 341 386 435 385 339 384 434 597 656 780 844 912 1052 1200 1435 1516 1598 1353 1433 1515 1597 1682 1767 1854 1940 2028 2027 1939 1853 1766 1681 1596 1514 1432 1352 1273 1196 1048 977 908 841 777 842 -1,3268 2384 2294 2205 2116 2115 1852 1765 1680 1595 1513 1431 1351 1272 1120 776 713 652 593 537 483 594 433 256 296 340 297 257 219 258 298 220 221 186 153 125 154 222 261 344 389 438 437 488 542 -1,1971 2791 2971 3061 3149 3238 3325 3498 3584 3987 4064 4137 -1
top_annealing,GW191113_071753_952.txt,100,10,10,4,952,0.565474,0.565474,0.21001,1.40281,true,1971 2791 2971 3061 3149 3238 3325 3584 4137 4279 4413 -1,3268 2294 2205 2116 2028 1940 1853 1766 1854 1767 1682 1597 1681 1596 1514 1432 1433 1515 1598 1516 1517 1435 1200 842 777 841 776 713 714 653 538 594 654 656 597 596 540 485 434 385 340 386 341 298 299 259 -1,1533 344 301 261 222 154 126 125 153 186 221 220 219 258 342 388 438 488 437 387 297 257 296 339 384 433 483 537 593 652 908 977 1048 1120 1196 1273 1352 1431 1513 1595 1680 1765 1852 1939 2027 2115 -1,159 260 300 343 389 436 487 542 541 486 435 484 539 595 655 716 780 912 844 779 715 778 843 911 980 1052 1124 1051 979 910 909 978 1050 1123 1199 1276 1355 1434 1354 1275 1198 1122 1049 1121 1197 1274 1353 1272 -1
top_ILP,GW191113_071753_952.txt,100,10,10,4,952,0.566858,0.579855,0.21001,3604.47,true,1971 2791 2971 3061 3149 3238 3325 3584 4137 4279 4413 -1,3268 2384 2294 2205 2027 2115 2116 2028 1940 1853 1854 1767 1682 1597 1515 1433 1353 1274 1273 1352 1432 1514 1596 1681 1766 1765 1680 1595 1513 1431 1272 1196 1120 1048 908 977 1049 1122 1198 1275 1354 1434 1516 1598 1517 1435 1355 1276 -1,1533 438 388 342 387 437 488 542 487 436 386 340 385 435 434 485 539 484 538 594 653 654 715 595 596 540 486 541 597 656 717 655 716 780 779 844 912 1052 980 911 843 778 714 978 909 841 776 -1,159 301 261 222 187 154 125 124 153 221 260 300 344 389 343 299 259 220 185 219 258 298 341 297 257 218 256 296 339 384 433 483 537 593 652 713 777 842 910 979 1051 1124 1200 1199 1123 1050 1121 1197 -1
greedy+annealing,GW200306_093714_952.txt,100,10,10,4,952,0.539776,0.539776,0.199686,6.89962,true,3268 3606 3688 3770 3850 3929 4006 4005 4081 4154 4226 4295 4294 4362 4427 4426 4490 4551 4610 4666 4720 4771 4820 4865 4908 4948 4986 5020 5053 5052 5080 5106 5128 5148 5127 5104 5077 5078 5050 5079 5051 5019 4985 4947 4864 4819 4770 4719 4665 -1,1971 4937 4976 5045 5074 5125 5102 5075 5046 5047 5076 5103 5126 5147 5105 5129 5107 5081 4987 4949 4909 4866 4821 4721 4611 4552 4491 4155 4082 3521 3436 3262 3174 2996 2907 2816 2726 2635 2546 2455 2365 2274 -1,159 2006 2007 2095 2185 2364 2454 2545 2636 2815 2995 3085 3173 3086 3175 3263 3349 3348 3605 3687 3849 3928 4153 4225 4293 4361 4550 4609 4946 4984 5018 5049 5048 5012 4977 4938 4853 4852 4806 -1,1533 4532 4649 4704 4705 4756 4807 4897 4896 4936 5011 5044 5013 4978 4979 5014 5146 5164 5149 5021 4907 4818 4769 4718 4664 4667 4428 4363 4007 3930 3851 3771 3689 3607 3522 3437 3350 2817 2727 -1
greedy+ilp,GW200306_093714_952.txt,100,10,10,4,952,0.543726,0.543726,0.188979,6629.71,true,3268 3606 3688 3770 3850 3929 4006 4005 4081 4154 4226 4295 4294 4362 4427 4426 4490 4551 4610 4666 4720 4771 4820 4865 4908 4948 4986 5020 5053 5052 5080 5106 5128 5148 5127 5104 5077 5078 5050 5079 5051 5019 4985 4947 4864 4819 4770 4719 4665 -1,1971 4937 4976 5012 5045 5074 5125 5102 5075 5046 5047 5076 5103 5126 5147 5129 5107 5081 5021 4987 4949 4909 4866 4821 4721 4667 4611 4552 4491 4155 4082 3521 3436 3349 3262 3174 2996 2907 2816 2726 2635 2455 2365 -1,159 2006 2095 2185 2274 2364 2454 2545 2546 2636 2815 2906 2995 3085 3173 3348 3435 3520 3605 3687 3849 3928 4080 4153 4225 4293 4361 4550 4609 4946 4984 5018 5105 5049 5048 4977 4938 4853 4806 4852 -1,1533 4532 4649 4704 4755 4805 4896 4936 5011 5044 5101 5146 5149 4907 4818 4769 4718 4664 4428 4363 4227 4007 3930 3851 3771 3689 3607 3522 3437 3350 3263 3175 3086 2817 2727 2007 2094 1918 -1
top_annealing,GW200306_093714_952.txt,100,10,10,4,952,0.551132,0.551132,0.191986,1.54308,true,1971 4805 5044 5011 4976 4977 5012 5045 5074 5101 5146 5125 5102 5075 5046 5047 5076 5103 5126 5147 5148 5127 5104 5077 5049 5078 5105 5128 5149 5129 5107 5081 5053 5021 4987 4949 4909 4866 4821 4721 4667 4611 4552 4154 4081 -1,3268 3085 3173 3349 3436 3521 3606 3688 3770 3850 3929 4005 4006 4082 4155 4226 4295 4363 4428 4427 4491 4551 4610 4666 4720 4771 4820 4865 4908 4948 4986 5020 5052 5080 5106 5079 5050 5051 5019 4985 4947 4864 4819 4770 4719 4665 4609 4550 -1,1533 4273 4532 4649 4704 4806 4852 4896 4936 4937 4897 4853 4807 4938 4939 4978 5013 4979 5014 5048 4983 5018 4984 4946 4907 4818 4664 4490 4426 4362 4294 3930 3851 3771 3689 3607 3522 3437 3350 3263 3175 -1,159 1831 1918 2006 2007 2095 2185 2274 2364 2454 2365 2455 2546 2545 2635 2636 2727 2817 2907 2816 2726 2815 2995 2996 3086 3174 3262 3348 3435 3520 3605 3687 3769 3849 3928 4080 4153 4225 4293 4361 -1
top_ILP,GW200306_093714_952.txt,100,10,10,4,952,0.552808,0.565742,0.191986,3604.46,true,1971 4532 4649 4704 4806 4852 4896 4936 4976 4937 4897 4938 4977 5012 5045 5074 5046 5075 5102 5125 5146 5147 5126 5103 5076 5047 5048 5077 5104 5127 5148 5128 5149 5129 5107 5081 5053 5021 4987 4949 4909 4866 4821 4721 4611 4667 -1,3268 3350 3437 3522 3607 3689 3771 3851 3930 4007 4155 4082 4006 3929 3850 3770 3688 3606 3521 3436 3349 3263 3175 3086 3174 3262 3348 3435 3520 3605 3687 3769 3849 3928 4005 4080 4153 4225 4294 4362 4427 4491 4552 4428 4363 4295 4226 4154 4081 -1,1533 4426 4490 4551 4610 4666 4720 4771 4820 4865 4908 4948 4986 5020 5052 5080 5106 5079 5105 5078 5049 5050 5018 5051 5019 4984 4946 4985 4947 4907 4864 4818 4769 4819 4770 4719 4665 4609 4550 4489 4425 4361 4293 -1,159 1744 1831 1918 2006 2094 2184 2007 2095 2185 2273 2096 2274 2364 2454 2365 2275 2366 2455 2546 2545 2635 2725 2815 2906 2816 2726 2547 2636 2727 2817 2907 2996 2995 3085 3173 3261 -1
Method,Dataset,Budget,w_max,w_acc,nPath,mapTiles,SumProb,SumProbBound,TilingTime,PlanningTime,IsValid,path 0,path 1,path 2,path 3
top_greedy,GW191103_012549_638.txt,100,10,10,4,638,0.408199,0.408199,0.130492,3.0821e-05,true,1971 4738 5136 4317 5155 5115 4923 4384 4684 4249 4881 3633 5168 5132 2819 3263 2640 -1,3268 4836 4999 4961 4571 4962 5152 5089 5154 3175 5135 5153 5053 5151 5054 2460 2550 -1,1533 4880 4685 5090 5032 4178 4998 4630 5170 5082 4922 5131 5169 3797 4449 5137 4948 3203 3549 3876 4318 -1,159 5063 4448 4788 5062 4106 4511 4031 4572 2371 3715 4865 3955 3464 -1
top_greedy,GW191109_010717_549.txt,100,10,10,4,549,0.572468,0.572468,0.112246,2.886e-05,true,1971 909 1201 1439 840 1279 1605 1110 899 1418 1050 836 906 1126 1690 1665 2039 1864 -1,3268 908 773 772 839 1038 1522 834 1124 833 1184 1185 1280 968 776 1037 1749 904 -1,1533 1051 979 900 771 1202 901 775 841 1581 1359 1109 2010 1278 1358 1836 1922 -1,159 1125 910 1052 774 978 770 835 838 907 837 1260 902 769 967 1604 1499 1039 1776 977 980 911 -1
top_greedy,GW191126_115259_535.txt,100,10,10,4,535,0.345279,0.345279,0.113196,2.748e-05,true,1971 4549 3599 4866 798 931 1538 4076 4077 4720 4222 -1,3268 4424 1620 4820 4000 1071 2051 863 -1,1533 4291 1144 4150 4488 3923 4359 4950 1705 -1,159 1220 4665 4719 1297 1456 3764 4609 3514 4149 3844 -1
top_greedy,GW191127_050227_524.txt,100,10,10,4,524,0.54035,0.54035,0.116565,2.5834e-05,true,1971 5188 5196 5124 5054 603 5046 5147 3656 5021 3487 3898 -1,3268 5125 5178 5146 5074 5164 5187 724 3573 662 5126 5047 5020 -1,1533 5075 663 5163 5189 5145 5082 5103 3572 3738 5045 3739 3574 3899 -1,159 5102 5179 5053 5101 5195 547 788 5076 3655 5200 5177 -1
top_greedy,GW191219_163120_645.txt,100,10,10,4,645,0.310571,0.310571,0.120603,4.5305e-05,true,1971 1088 1163 879 878 4021 627 3786 1239 -1,3268 1162 1237 1476 749 4309 3704 4680 4442 1557 1317 -1,1533 1238 1395 1316 946 4169 3945 3622 1558 812 748 515 1089 463 -1,159 1016 1017 1087 4097 1394 4566 3621 -1
top_greedy,GW191222_033537_640.txt,100,10,10,4,640,0.613322,0.613322,0.116117,3.3579e-05,true,1971 775 839 975 652 840 384 1195 1270 776 338 256 1677 1676 296 1848 184 1849 2023 155 -1,3268 651 483 1194 906 383 1592 774 339 1510 219 538 1761 1120 220 124 255 340 385 1935 974 838 -1,1533 907 1047 592 1046 1429 536 1511 433 432 593 1428 484 295 153 2022 152 1193 1430 156 154 -1,159 1119 537 712 1271 711 1349 1593 482 976 1118 1350 257 218 650 1762 908 126 1934 125 258 297 -1
top_greedy,GW200128_022011_680.txt,100,10,10,4,680,0.342513,0.342513,0.125874,3.319e-05,true,1971 1123 540 1433 4280 654 4138 4348 -1,3268 911 979 778 1198 486 3584 3987 3667 487 386 436 595 1598 1682 2028 -1,1533 1051 779 843 1050 4064 4414 1515 596 4413 -1,159 910 655 1275 715 1199 1597 1354 4137 4279 387 541 1434 341 342 716 -1
top_greedy,GW200210_092254_633.txt,100,10,10,4,633,0.413813,0.413813,0.118361,3.2185e-05,true,1971 3939 3938 1622 1621 1879 2589 2319 1539 1878 -1,3268 4016 3860 3940 4091 3780 4017 4165 4164 2141 3781 4093 2409 3615 2553 -1,1533 4015 2053 1792 1707 2643 2054 -1,159 4092 3859 1965 2410 2230 1706 2823 3698 2372 2642 -1
top_greedy,GW200220_124850_785.txt,100,10,10,4,785,0.348427,0.348427,0.133804,3.746e-05,true,1971 4567 4735 4378 3623 4834 4736 880 1396 1477 1089 517 -1,3268 4098 4311 4171 4681 4023 4626 3705 1239 4786 4379 4835 4962 4507 4099 3453 3706 -1,1533 4443 4442 4170 4242 4506 4566 3867 1558 1163 1018 4625 3538 4243 -1,159 4310 4022 3946 3787 4682 750 4879 4880 3788 3191 3945 4097 3539 3622 3624 -1
top_greedy,GW200216_220804_735.txt,100,10,10,4,735,0.507281,0.507281,0.126464,3.642e-05,true,1971 4578 4577 4325 4742 4839 4115 4884 4116 4519 3216 4457 3561 3965 4794 4391 3808 4745 4878 4634 4834 4520 4259 3966 -1,3268 4744 4455 4579 4689 4841 4635 3215 3645 4454 4692 4258 4041 4393 4791 4517 3477 4688 3644 4965 4964 3646 3886 3809 4042 -1,1533 4690 4743 4456 4187 4326 4518 4040 4883 4114 3390 3964 3476 4576 4257 4324 3128 4637 4740 4735 3727 3562 3726 4790 4681 -1,159 4691 4840 4636 4186 4392 4793 4741 4792 3303 4885 4842 4188 4838 3389 4833 3304 3038 4039 4327 4687 -1
top_greedy,GW200208_222617_766.txt,100,10,10,4,766,0.727514,0.727514,0.128863,5.8438e-05,true,1971 4053 4269 4054 3976 4126 3898 4339 4405 3819 3820 4704 3656 3818 3572 4806 3740 4756 4593 3574 4646 4938 4651 3571 3821 3901 -1,3268 4127 4200 4338 4403 4268 4469 4468 4201 4337 4271 3975 4532 4590 3737 4650 4470 4853 4706 4854 3736 4340 4533 3654 4754 -1,1533 3977 3899 4404 4530 4052 3900 3738 4647 4649 4591 4592 4529 3573 4755 4125 3897 4402 3657 4805 4406 4051 4852 4939 4809 4898 -1,159 4270 4128 4199 4531 4648 3739 4703 3978 4055 4705 3655 4807 4129 4198 4702 4808 4757 4855 3487 4467 3896 3225 -1
top_greedy,GW191113_071753_952.txt,100,10,10,4,952,0.365165,0.365165,0.137179,5.7042e-05,true,1971 1123 1198 1050 910 1354 487 654 485 909 539 4279 538 595 653 299 656 717 -1,3268 1199 1276 540 486 343 778 843 1355 1433 1274 1197 4137 1516 484 844 436 1200 1052 -1,1533 1051 655 779 541 979 3149 342 3584 2971 2791 -1,159 1275 911 1124 1434 596 1122 1049 387 715 388 3238 1121 980 716 1597 777 978 -1
top_greedy,GW200306_093714_952.txt,100,10,10,4,952,0.326098,0.326098,0.148825,3.8828e-05,true,1971 4865 4908 5080 5127 4665 4771 5053 5128 2365 5045 2006 5078 2455 2996 2546 -1,3268 4986 4551 4666 4720 4947 4294 4864 4985 4295 5020 3606 5050 4866 4721 2816 4490 4226 3521 5148 4491 5129 -1,1533 4948 4819 4427 4154 5079 3929 5075 5106 5126 5076 4362 3770 4005 5125 5046 4552 5104 5019 4937 4897 -1,159 4820 5052 5051 4426 4719 3174 4081 4610 4006 4770 4550 2635 5077 4976 3436 3688 2185 2274 -1
